{"_id":"0eAOl5CRYm","_session_token":"r:f1eaeae639a5b5583b2a690e00a9d1a9","_p_user":"_User$EMBbBtVu4V","createdWith":{"action":"signup","authProvider":"password"},"restricted":false,"expiresAt":{"$date":"2020-08-02T08:25:58.86Z"},"installationId":"ffc45bd0-ed78-6958-2c50-61023e98d370","_created_at":{"$date":"2019-08-03T08:25:58.86Z"},"_updated_at":{"$date":"2019-08-03T08:25:58.86Z"}}
{"_id":"0uTNtUjEBA","_session_token":"r:41cc0ccfee60aea39249e32d0706cf9b","_p_user":"_User$ayEWzmWpHp","createdWith":{"action":"signup","authProvider":"password"},"restricted":false,"expiresAt":{"$date":"2020-04-13T17:07:14.268Z"},"installationId":"dd8dd679-0deb-78ec-da56-cb2ee102611e","_created_at":{"$date":"2019-04-14T17:07:14.269Z"},"_updated_at":{"$date":"2019-04-14T17:07:14.269Z"}}
{"_id":"14vlZcvfoe","_session_token":"r:f0a283dddc1a41b8fae8d1efa40cbba5","_p_user":"_User$VSBDT9eqrl","createdWith":{"action":"login","authProvider":"password"},"restricted":false,"expiresAt":{"$date":"2020-04-23T13:48:02.736Z"},"installationId":"7cd2a408-6bfb-e727-709d-a4a533462905","_created_at":{"$date":"2019-04-24T13:48:02.737Z"},"_updated_at":{"$date":"2019-04-24T13:48:02.737Z"}}
{"_id":"35RiEtLHbK","_session_token":"r:84e6c77e9a1489f7cf3b5183d20e5236","_p_user":"_User$kCJpuaiBmF","createdWith":{"action":"signup","authProvider":"password"},"restricted":false,"expiresAt":{"$date":"2020-04-15T13:39:15.25Z"},"installationId":"f989457f-d636-8867-c979-bbf3db050915","_created_at":{"$date":"2019-04-16T13:39:15.251Z"},"_updated_at":{"$date":"2019-04-16T13:39:15.251Z"}}
{"_id":"4O2PUo4kzk","_session_token":"r:6e1e31b343c865fdf09d8f56ea9234de","_p_user":"_User$VSBDT9eqrl","createdWith":{"action":"login","authProvider":"password"},"restricted":false,"expiresAt":{"$date":"2020-04-15T14:03:10.561Z"},"installationId":"5db8ba69-ccf6-9919-5129-75f3e8f62f0b","_created_at":{"$date":"2019-04-16T14:03:10.561Z"},"_updated_at":{"$date":"2019-04-16T14:03:10.561Z"}}
{"_id":"4XjqKXREdi","_session_token":"r:8962c06f7ec03267c84c46207295dbd5","_p_user":"_User$LLEBzod5xD","createdWith":{"action":"signup","authProvider":"password"},"restricted":false,"expiresAt":{"$date":"2020-08-02T08:30:14.198Z"},"installationId":"af19c163-7bb1-2402-58b6-d903fa4418e5","_created_at":{"$date":"2019-08-03T08:30:14.198Z"},"_updated_at":{"$date":"2019-08-03T08:30:14.198Z"}}
{"_id":"4dV0ewiATg","_session_token":"r:e384568252dc025cfd3c68bf09a180cd","_p_user":"_User$VSBDT9eqrl","createdWith":{"action":"login","authProvider":"password"},"restricted":false,"expiresAt":{"$date":"2020-04-17T04:10:38.472Z"},"installationId":"162b1ae6-8aa6-5daa-16e2-652a440a819e","_created_at":{"$date":"2019-04-18T04:10:38.472Z"},"_updated_at":{"$date":"2019-04-18T04:10:38.472Z"}}
{"_id":"83dsGe7h7i","_session_token":"r:e98f7d09521182a14f666815662a53fa","_p_user":"_User$rp4pbuwgvY","createdWith":{"action":"login","authProvider":"password"},"restricted":false,"expiresAt":{"$date":"2020-08-03T10:01:20.957Z"},"installationId":"468ad720-71d2-94d0-147c-826c801006e5","_created_at":{"$date":"2019-08-04T10:01:20.958Z"},"_updated_at":{"$date":"2019-08-04T10:01:20.958Z"}}
{"_id":"9OS7tXJCtL","_session_token":"r:aabf9d7e99ef100af06239d2eccbd2a6","_p_user":"_User$rp4pbuwgvY","createdWith":{"action":"login","authProvider":"password"},"restricted":false,"expiresAt":{"$date":"2020-08-02T08:51:28.799Z"},"installationId":"610de72e-482c-b0b5-249c-816e52ce9085","_created_at":{"$date":"2019-08-03T08:51:28.799Z"},"_updated_at":{"$date":"2019-08-03T08:51:28.799Z"}}
{"_id":"9pXJjQq4Px","_session_token":"r:aaa5920a5288ece474f39b18e22aba83","_p_user":"_User$6IBgc750JF","createdWith":{"action":"login","authProvider":"password"},"restricted":false,"expiresAt":{"$date":"2020-04-13T18:12:14.895Z"},"installationId":"d025ee66-72c8-069c-2841-075c67f62e21","_created_at":{"$date":"2019-04-14T18:12:14.895Z"},"_updated_at":{"$date":"2019-04-14T18:12:14.895Z"}}
{"_id":"BdLzT8O0ZW","_session_token":"r:5cde5910f74630c47828dd7dac8d38ef","_p_user":"_User$6IBgc750JF","createdWith":{"action":"login","authProvider":"password"},"restricted":false,"expiresAt":{"$date":"2020-04-13T17:54:02.234Z"},"installationId":"1baf7ae0-d01a-ba33-3a9c-0f18033eaaf4","_created_at":{"$date":"2019-04-14T17:54:02.234Z"},"_updated_at":{"$date":"2019-04-14T17:54:02.234Z"}}
{"_id":"CGtYVW8M9a","_session_token":"r:1e590578344101ff22591f499ecc4a38","_p_user":"_User$6IBgc750JF","createdWith":{"action":"login","authProvider":"password"},"restricted":false,"expiresAt":{"$date":"2020-04-13T18:03:48.178Z"},"installationId":"48ff14cb-f6bc-a8fd-66ab-1122721a06ab","_created_at":{"$date":"2019-04-14T18:03:48.178Z"},"_updated_at":{"$date":"2019-04-14T18:03:48.178Z"}}
{"_id":"CxcQvjdNJB","_session_token":"r:2f29494a17dbc00714b92950123c9356","_p_user":"_User$8N4XdfCvLc","createdWith":{"action":"signup","authProvider":"password"},"restricted":false,"expiresAt":{"$date":"2020-08-03T07:49:53.718Z"},"installationId":"12131b90-ab6b-fde8-626d-5406831f1064","_created_at":{"$date":"2019-08-04T07:49:53.718Z"},"_updated_at":{"$date":"2019-08-04T07:49:53.718Z"}}
{"_id":"DLvbh0l9CI","_session_token":"r:ca66a966c06b61926ab9d8bf66eb5f61","_p_user":"_User$VSBDT9eqrl","createdWith":{"action":"login","authProvider":"password"},"restricted":false,"expiresAt":{"$date":"2020-04-20T04:55:01.508Z"},"installationId":"4d9d63a2-3370-64d9-6700-801b6d9cbf16","_created_at":{"$date":"2019-04-21T04:55:01.508Z"},"_updated_at":{"$date":"2019-04-21T04:55:01.508Z"}}
{"_id":"EXVrsVjryH","_session_token":"r:eb10119b94376e18c279359a245e761d","_p_user":"_User$uEdBNTtErT","createdWith":{"action":"login","authProvider":"password"},"restricted":false,"expiresAt":{"$date":"2021-08-21T10:44:30.238Z"},"installationId":"d52e9724-b156-2c53-349d-e9bb2747269f","_created_at":{"$date":"2020-08-21T10:44:30.239Z"},"_updated_at":{"$date":"2020-08-21T10:44:30.239Z"}}
{"_id":"EaJfLY8sOm","_session_token":"r:391ceef54c683fc139340bd50d28f6f3","_p_user":"_User$uEdBNTtErT","createdWith":{"action":"login","authProvider":"password"},"restricted":false,"expiresAt":{"$date":"2021-07-15T05:49:11.406Z"},"installationId":"41cfa2fb-4693-6f72-2a38-ddbe1c992ab8","_created_at":{"$date":"2020-07-15T05:49:11.407Z"},"_updated_at":{"$date":"2020-07-15T05:49:11.407Z"}}
{"_id":"ErzDJv4DSn","_session_token":"r:84dd936e0523a184f5819fa252906353","_p_user":"_User$Q8HFa5inuM","createdWith":{"action":"login","authProvider":"password"},"restricted":false,"expiresAt":{"$date":"2021-07-16T06:48:44.496Z"},"installationId":"28ea1c82-b4a6-cb13-c194-fab674a9a844","_created_at":{"$date":"2020-07-16T06:48:44.498Z"},"_updated_at":{"$date":"2020-07-16T06:48:44.498Z"}}
{"_id":"FgzlbxCH2R","_session_token":"r:0406bdaaff02cdb0eafb25280e8b053d","_p_user":"_User$NHrk3i58BH","createdWith":{"action":"signup","authProvider":"password"},"restricted":false,"expiresAt":{"$date":"2020-08-07T16:17:26.331Z"},"installationId":"c830417e-69a9-290a-ad37-5e6132c822cf","_created_at":{"$date":"2019-08-08T16:17:26.332Z"},"_updated_at":{"$date":"2019-08-08T16:17:26.332Z"}}
{"_id":"HNMzw25j2F","_session_token":"r:77389e637993ce87d214cd6905a09d0b","_p_user":"_User$TEMK0SApgD","createdWith":{"action":"signup","authProvider":"password"},"restricted":false,"expiresAt":{"$date":"2021-07-15T07:20:18.198Z"},"installationId":"0eba97f7-0812-93e1-b26a-dddd76aabdc4","_created_at":{"$date":"2020-07-15T07:20:18.199Z"},"_updated_at":{"$date":"2020-07-15T07:20:18.199Z"}}
{"_id":"Iz1M9EMCl3","_session_token":"r:12e572cf2c3171e6ec48baa2fc963803","_p_user":"_User$3beH4A9hlC","createdWith":{"action":"signup","authProvider":"password"},"restricted":false,"expiresAt":{"$date":"2020-08-02T08:43:53.491Z"},"installationId":"610de72e-482c-b0b5-249c-816e52ce9085","_created_at":{"$date":"2019-08-03T08:43:53.491Z"},"_updated_at":{"$date":"2019-08-03T08:43:53.491Z"}}
{"_id":"KEZvoFTlNW","_session_token":"r:e0371ba194b56fa12ee500f69b3b8929","_p_user":"_User$VSBDT9eqrl","createdWith":{"action":"login","authProvider":"password"},"restricted":false,"expiresAt":{"$date":"2020-04-26T10:26:45.467Z"},"installationId":"2b1d58d0-71f1-5485-e3a0-e9c74a0adc42","_created_at":{"$date":"2019-04-27T10:26:45.482Z"},"_updated_at":{"$date":"2019-04-27T10:26:45.482Z"}}
{"_id":"KjIPz4uHug","_session_token":"r:eee0ef1d8165ab7ca0394653e44cdc79","_p_user":"_User$kVFkBhoRqf","createdWith":{"action":"signup","authProvider":"password"},"restricted":false,"expiresAt":{"$date":"2021-07-15T07:11:23.731Z"},"installationId":"91c77ddf-a92d-ef73-f814-c2c1007b4813","_created_at":{"$date":"2020-07-15T07:11:23.732Z"},"_updated_at":{"$date":"2020-07-15T07:11:23.732Z"}}
{"_id":"KuSzK3mrsG","_session_token":"r:efa304395693c69b8b3f2cdbecbb2732","_p_user":"_User$eHfeDxsfCz","createdWith":{"action":"login","authProvider":"password"},"restricted":false,"expiresAt":{"$date":"2021-07-24T11:26:58.693Z"},"installationId":"28ea1c82-b4a6-cb13-c194-fab674a9a844","_created_at":{"$date":"2020-07-24T11:26:58.694Z"},"_updated_at":{"$date":"2020-07-24T11:26:58.694Z"}}
{"_id":"MZnSn16Qhc","_session_token":"r:d4460d9d5c376c1928c69bd201a946bd","_p_user":"_User$vYrIbysEmV","createdWith":{"action":"signup","authProvider":"password"},"restricted":false,"expiresAt":{"$date":"2020-08-02T08:27:45.903Z"},"installationId":"4b260797-9b7d-a7cf-da15-e3cffe48a8f4","_created_at":{"$date":"2019-08-03T08:27:45.903Z"},"_updated_at":{"$date":"2019-08-03T08:27:45.903Z"}}
{"_id":"Oa9dcknfaK","_session_token":"r:e1f9e0e7fb36deb14641656f75a93388","_p_user":"_User$VSBDT9eqrl","createdWith":{"action":"login","authProvider":"password"},"restricted":false,"expiresAt":{"$date":"2020-04-23T13:03:27.216Z"},"installationId":"806a45cc-dc16-5388-f159-d2e0964a4c6a","_created_at":{"$date":"2019-04-24T13:03:27.217Z"},"_updated_at":{"$date":"2019-04-24T13:03:27.217Z"}}
{"_id":"PNOQ7DXa7n","_session_token":"r:48c1eb2e76ca209581ebeff5f231805a","_p_user":"_User$VSBDT9eqrl","createdWith":{"action":"login","authProvider":"password"},"restricted":false,"expiresAt":{"$date":"2020-04-22T08:00:26.866Z"},"installationId":"a92701b3-adce-2fe4-9cd5-2aa186c7ea8a","_created_at":{"$date":"2019-04-23T08:00:26.866Z"},"_updated_at":{"$date":"2019-04-23T08:00:26.866Z"}}
{"_id":"PwdxsowUxy","_session_token":"r:ee23bd91844426b6fb65723423e83fed","_p_user":"_User$Q8HFa5inuM","createdWith":{"action":"login","authProvider":"password"},"restricted":false,"expiresAt":{"$date":"2021-08-21T10:54:11.549Z"},"installationId":"d52e9724-b156-2c53-349d-e9bb2747269f","_created_at":{"$date":"2020-08-21T10:54:11.551Z"},"_updated_at":{"$date":"2020-08-21T10:54:11.551Z"}}
{"_id":"S7PEwwd9Ub","_session_token":"r:1607058c8fcd07eeeed80863171c9f8d","_p_user":"_User$VSBDT9eqrl","createdWith":{"action":"login","authProvider":"password"},"restricted":false,"expiresAt":{"$date":"2020-04-16T14:24:32.821Z"},"installationId":"05fe98df-b4c6-8a04-d5e4-958457064c32","_created_at":{"$date":"2019-04-17T14:24:32.821Z"},"_updated_at":{"$date":"2019-04-17T14:24:32.821Z"}}
{"_id":"StVc245K90","_session_token":"r:1ad44f48f70f40ce7048017a852eaa1c","_p_user":"_User$VSBDT9eqrl","createdWith":{"action":"login","authProvider":"password"},"restricted":false,"expiresAt":{"$date":"2020-04-23T09:05:04.692Z"},"installationId":"10ce63fa-72aa-f0ae-0237-f496da03a414","_created_at":{"$date":"2019-04-24T09:05:04.693Z"},"_updated_at":{"$date":"2019-04-24T09:05:04.693Z"}}
{"_id":"SzfIm56zAC","_session_token":"r:1ddbde3603c880e9f850da0870833341","_p_user":"_User$UXU6rJGJtE","createdWith":{"action":"signup","authProvider":"password"},"restricted":false,"expiresAt":{"$date":"2020-04-15T13:24:16.564Z"},"installationId":"4fa15241-897b-9b3d-a7b1-4d475bbfa936","_created_at":{"$date":"2019-04-16T13:24:16.565Z"},"_updated_at":{"$date":"2019-04-16T13:24:16.565Z"}}
{"_id":"ToZf33tRcI","_session_token":"r:d66df4b3785da3ac92743e2a0a3aed9b","_p_user":"_User$gC8jZ49CNb","createdWith":{"action":"signup","authProvider":"password"},"restricted":false,"expiresAt":{"$date":"2020-04-20T12:46:50.282Z"},"installationId":"5cf40ecc-f481-ba6d-f96b-0e63129a9288","_created_at":{"$date":"2019-04-21T12:46:50.283Z"},"_updated_at":{"$date":"2019-04-21T12:46:50.283Z"}}
{"_id":"UaC1jl4xkM","_session_token":"r:45bf13039e1244b2be8b0ab4468bf2d1","_p_user":"_User$q8GWfur2iH","createdWith":{"action":"signup","authProvider":"password"},"restricted":false,"expiresAt":{"$date":"2021-07-14T11:27:51.972Z"},"installationId":"1db60843-2455-8678-edfe-fef61bcbb03e","_created_at":{"$date":"2020-07-14T11:27:51.973Z"},"_updated_at":{"$date":"2020-07-14T11:27:51.973Z"}}
{"_id":"WIzeL1VBAr","_session_token":"r:1228f8cda9cfa7ddc500dcc062823e09","_p_user":"_User$hClLeuNaYQ","createdWith":{"action":"signup","authProvider":"password"},"restricted":false,"expiresAt":{"$date":"2020-04-13T17:11:49.624Z"},"installationId":"a01683b2-8208-70af-f4ed-c2e43663738f","_created_at":{"$date":"2019-04-14T17:11:49.625Z"},"_updated_at":{"$date":"2019-04-14T17:11:49.625Z"}}
{"_id":"WyLNHrKrTc","_session_token":"r:d5ee04fb67099addb8adabafb6bf1013","_p_user":"_User$XPOc8HGWd0","createdWith":{"action":"signup","authProvider":"password"},"restricted":false,"expiresAt":{"$date":"2020-04-13T17:03:33.245Z"},"installationId":"15e32987-b46e-b3b2-a49d-7c6ca51325ed","_created_at":{"$date":"2019-04-14T17:03:33.245Z"},"_updated_at":{"$date":"2019-04-14T17:03:33.245Z"}}
{"_id":"XLfGO7Pi0y","_session_token":"r:9d209efabe4a536183d378453b5c9b10","_p_user":"_User$KADrwprfwb","createdWith":{"action":"signup","authProvider":"password"},"restricted":false,"expiresAt":{"$date":"2020-04-13T17:35:18.701Z"},"installationId":"579e30cc-1ed6-a997-b3a7-e259af4b1817","_created_at":{"$date":"2019-04-14T17:35:18.702Z"},"_updated_at":{"$date":"2019-04-14T17:35:18.702Z"}}
{"_id":"XTibteBqyw","_session_token":"r:d6838d6eccffc0a8753c9955ee3578d5","_p_user":"_User$eHfeDxsfCz","createdWith":{"action":"login","authProvider":"password"},"restricted":false,"expiresAt":{"$date":"2021-08-21T10:41:16.579Z"},"installationId":"d52e9724-b156-2c53-349d-e9bb2747269f","_created_at":{"$date":"2020-08-21T10:41:16.581Z"},"_updated_at":{"$date":"2020-08-21T10:41:16.581Z"}}
{"_id":"YGIAtxi63S","_session_token":"r:55224f4a21a7cc672dab35ccac31f916","_p_user":"_User$EGxKnxWN76","createdWith":{"action":"signup","authProvider":"password"},"restricted":false,"expiresAt":{"$date":"2020-04-15T13:38:03.121Z"},"installationId":"6588f7ea-341e-72c6-13e6-5afaba3390ea","_created_at":{"$date":"2019-04-16T13:38:03.122Z"},"_updated_at":{"$date":"2019-04-16T13:38:03.122Z"}}
{"_id":"aX2GJqRco2","_session_token":"r:2efb38c020e2869fce6e73947e41aeda","_p_user":"_User$LxJtyCpr9d","createdWith":{"action":"signup","authProvider":"password"},"restricted":false,"expiresAt":{"$date":"2020-04-13T16:54:36.606Z"},"installationId":"a3790190-1528-5946-6eb2-1b4fe012deb0","_created_at":{"$date":"2019-04-14T16:54:36.606Z"},"_updated_at":{"$date":"2019-04-14T16:54:36.606Z"}}
{"_id":"bPDVVNeZRQ","_session_token":"r:3814e96d03270714260271a565acca77","_p_user":"_User$mv4C7JkNcz","createdWith":{"action":"signup","authProvider":"password"},"restricted":false,"expiresAt":{"$date":"2020-04-13T17:08:09.004Z"},"installationId":"42c2e851-51ff-4657-b395-d17f93af5845","_created_at":{"$date":"2019-04-14T17:08:09.005Z"},"_updated_at":{"$date":"2019-04-14T17:08:09.005Z"}}
{"_id":"bmafq3GigI","_session_token":"r:75415351cdfff80b30e55b978f533682","_p_user":"_User$uEdBNTtErT","createdWith":{"action":"login","authProvider":"password"},"restricted":false,"expiresAt":{"$date":"2021-07-15T10:34:59.719Z"},"installationId":"28ea1c82-b4a6-cb13-c194-fab674a9a844","_created_at":{"$date":"2020-07-15T10:34:59.72Z"},"_updated_at":{"$date":"2020-07-15T10:34:59.72Z"}}
{"_id":"czboYvZWtz","_session_token":"r:f99235911d26b5d49cb84b87dd140278","_p_user":"_User$6IBgc750JF","createdWith":{"action":"login","authProvider":"password"},"restricted":false,"expiresAt":{"$date":"2020-04-13T18:09:05.376Z"},"installationId":"5ad551c0-935f-48ea-cbb7-b4a9f945b94b","_created_at":{"$date":"2019-04-14T18:09:05.377Z"},"_updated_at":{"$date":"2019-04-14T18:09:05.377Z"}}
{"_id":"dFfbgbv3gr","_session_token":"r:e7670a7fb46fbc95cceb9c9c169bd33e","_p_user":"_User$VSBDT9eqrl","createdWith":{"action":"login","authProvider":"password"},"restricted":false,"expiresAt":{"$date":"2020-04-20T11:16:42.132Z"},"installationId":"13f50380-25b9-7308-2917-6cbf11348685","_created_at":{"$date":"2019-04-21T11:16:42.133Z"},"_updated_at":{"$date":"2019-04-21T11:16:42.133Z"}}
{"_id":"dJV64F042Z","_session_token":"r:6139a169abc3039d5ebffb2ef2970e49","_p_user":"_User$aHNyw9fmRi","createdWith":{"action":"signup","authProvider":"password"},"restricted":false,"expiresAt":{"$date":"2021-07-14T11:29:41.257Z"},"installationId":"1db60843-2455-8678-edfe-fef61bcbb03e","_created_at":{"$date":"2020-07-14T11:29:41.258Z"},"_updated_at":{"$date":"2020-07-14T11:29:41.258Z"}}
{"_id":"eEduTnSZ4P","_session_token":"r:b493e2013e2788a82a3d42750199ccd9","_p_user":"_User$eHfeDxsfCz","createdWith":{"action":"login","authProvider":"password"},"restricted":false,"expiresAt":{"$date":"2021-07-14T02:48:50.104Z"},"installationId":"41cfa2fb-4693-6f72-2a38-ddbe1c992ab8","_created_at":{"$date":"2020-07-14T02:48:50.105Z"},"_updated_at":{"$date":"2020-07-14T02:48:50.105Z"}}
{"_id":"eMo9DIt4OH","_session_token":"r:c5b41e40ef5bde788484597dfb11fd11","_p_user":"_User$6IBgc750JF","createdWith":{"action":"login","authProvider":"password"},"restricted":false,"expiresAt":{"$date":"2020-04-13T18:25:17.062Z"},"installationId":"0a959373-162d-cb25-0982-974ddf54f559","_created_at":{"$date":"2019-04-14T18:25:17.062Z"},"_updated_at":{"$date":"2019-04-14T18:25:17.062Z"}}
{"_id":"er6rvaG7Af","_session_token":"r:0bc2a8f0bd8612f723feb7ba7dcc1932","_p_user":"_User$Qcje9CIijB","createdWith":{"action":"signup","authProvider":"password"},"restricted":false,"expiresAt":{"$date":"2020-04-13T17:33:45.589Z"},"installationId":"78a47aa1-6e4c-57f7-2d03-edb96f47d4ea","_created_at":{"$date":"2019-04-14T17:33:45.59Z"},"_updated_at":{"$date":"2019-04-14T17:33:45.59Z"}}
{"_id":"fYWU2tkHas","_session_token":"r:f2964146bdf96329c504277e43cde1ea","_p_user":"_User$OOCTTWvSyH","createdWith":{"action":"signup","authProvider":"password"},"restricted":false,"expiresAt":{"$date":"2021-07-15T07:06:37.311Z"},"installationId":"41ad261a-a313-27f2-c82e-539b7f16306e","_created_at":{"$date":"2020-07-15T07:06:37.312Z"},"_updated_at":{"$date":"2020-07-15T07:06:37.312Z"}}
{"_id":"fnyOFn1FVJ","_session_token":"r:855582d9319465e1d9899cee7b5d357d","_p_user":"_User$rp4pbuwgvY","createdWith":{"action":"login","authProvider":"password"},"restricted":false,"expiresAt":{"$date":"2020-09-10T04:35:10.669Z"},"installationId":"43d334fd-6b46-f11b-7769-a44f6d13f06e","_created_at":{"$date":"2019-09-11T04:35:10.67Z"},"_updated_at":{"$date":"2019-09-11T04:35:10.67Z"}}
{"_id":"jCNDT3WU8m","_session_token":"r:d28b14744fd7e29976a0cab6088bd1fc","_p_user":"_User$Q8HFa5inuM","createdWith":{"action":"login","authProvider":"password"},"restricted":false,"expiresAt":{"$date":"2021-07-15T06:17:25.806Z"},"installationId":"41cfa2fb-4693-6f72-2a38-ddbe1c992ab8","_created_at":{"$date":"2020-07-15T06:17:25.807Z"},"_updated_at":{"$date":"2020-07-15T06:17:25.807Z"}}
{"_id":"kjcrCLNZAx","_session_token":"r:b34d8e04d4b1dcf370087f29ab3035df","_p_user":"_User$6IBgc750JF","createdWith":{"action":"login","authProvider":"password"},"restricted":false,"expiresAt":{"$date":"2020-04-13T18:10:31.392Z"},"installationId":"085b204d-dc47-7c83-f254-702f3cb19615","_created_at":{"$date":"2019-04-14T18:10:31.393Z"},"_updated_at":{"$date":"2019-04-14T18:10:31.393Z"}}
{"_id":"kmZ1qJ5C6i","_session_token":"r:33ed3d7eada6acd4355e92bcf3dbe8b4","_p_user":"_User$ESUKCG7wOw","createdWith":{"action":"login","authProvider":"password"},"restricted":false,"expiresAt":{"$date":"2020-08-02T11:54:41.606Z"},"installationId":"143501c6-426f-823b-d8a8-c0cb455b0692","_created_at":{"$date":"2019-08-03T11:54:41.606Z"},"_updated_at":{"$date":"2019-08-03T11:54:41.606Z"}}
{"_id":"kwUXnDutJd","_session_token":"r:e96e42c68ea05588c69f703a4872339a","_p_user":"_User$rGCumjwmzZ","createdWith":{"action":"login","authProvider":"password"},"restricted":false,"expiresAt":{"$date":"2021-07-24T11:16:05.47Z"},"installationId":"28ea1c82-b4a6-cb13-c194-fab674a9a844","_created_at":{"$date":"2020-07-24T11:16:05.473Z"},"_updated_at":{"$date":"2020-07-24T11:16:05.473Z"}}
{"_id":"lvttv2wjPp","_session_token":"r:89c2d1ebe249b6ac8ef8e13fb0855bd2","_p_user":"_User$VSBDT9eqrl","createdWith":{"action":"login","authProvider":"password"},"restricted":false,"expiresAt":{"$date":"2020-08-02T12:03:24.043Z"},"installationId":"143501c6-426f-823b-d8a8-c0cb455b0692","_created_at":{"$date":"2019-08-03T12:03:24.043Z"},"_updated_at":{"$date":"2019-08-03T12:03:24.043Z"}}
{"_id":"nB6sS1EJpo","_session_token":"r:15cc68151ee762ecb70241766967bec6","_p_user":"_User$JGIxUXTLY7","createdWith":{"action":"signup","authProvider":"password"},"restricted":false,"expiresAt":{"$date":"2021-07-15T06:56:34.445Z"},"installationId":"41cfa2fb-4693-6f72-2a38-ddbe1c992ab8","_created_at":{"$date":"2020-07-15T06:56:34.446Z"},"_updated_at":{"$date":"2020-07-15T06:56:34.446Z"}}
{"_id":"noFD41ecMH","_session_token":"r:8fd9f76e2055fe33c2cb41a92561bbd8","_p_user":"_User$6IBgc750JF","createdWith":{"action":"login","authProvider":"password"},"restricted":false,"expiresAt":{"$date":"2020-04-13T18:16:11.614Z"},"installationId":"ae735e27-ce16-6ddd-a882-6b7c38e253b1","_created_at":{"$date":"2019-04-14T18:16:11.615Z"},"_updated_at":{"$date":"2019-04-14T18:16:11.615Z"}}
{"_id":"oanOHhNRkS","_session_token":"r:07c1bb562deeb91c77c01f83c660072e","_p_user":"_User$HVzjtE9XZc","createdWith":{"action":"signup","authProvider":"password"},"restricted":false,"expiresAt":{"$date":"2021-07-15T07:08:35.603Z"},"installationId":"91c77ddf-a92d-ef73-f814-c2c1007b4813","_created_at":{"$date":"2020-07-15T07:08:35.604Z"},"_updated_at":{"$date":"2020-07-15T07:08:35.604Z"}}
{"_id":"ogQUzXIqfo","_session_token":"r:4cc0f114e39a3653a3d78f176c037dff","_p_user":"_User$6IBgc750JF","createdWith":{"action":"signup","authProvider":"password"},"restricted":false,"expiresAt":{"$date":"2020-04-13T17:46:42.878Z"},"installationId":"8250c7bd-6158-9cfa-7453-498a032b5dcb","_created_at":{"$date":"2019-04-14T17:46:42.879Z"},"_updated_at":{"$date":"2019-04-14T17:46:42.879Z"}}
{"_id":"orLcrOnl2E","_session_token":"r:42e0ad9527f116bbcc95e5c7af92a5dd","_p_user":"_User$YAXGDGlJie","createdWith":{"action":"signup","authProvider":"password"},"restricted":false,"expiresAt":{"$date":"2020-08-07T16:26:36.268Z"},"installationId":"7c02b757-c4de-4daf-3d8c-0403ee227aef","_created_at":{"$date":"2019-08-08T16:26:36.268Z"},"_updated_at":{"$date":"2019-08-08T16:26:36.268Z"}}
{"_id":"p2J9wAEDPD","_session_token":"r:cd3de7cd7a9eebb3e8cc5193bfd1b59f","_p_user":"_User$b3evuUv1lr","createdWith":{"action":"signup","authProvider":"password"},"restricted":false,"expiresAt":{"$date":"2021-07-14T11:26:41.219Z"},"installationId":"1db60843-2455-8678-edfe-fef61bcbb03e","_created_at":{"$date":"2020-07-14T11:26:41.219Z"},"_updated_at":{"$date":"2020-07-14T11:26:41.219Z"}}
{"_id":"pEosiXBoZm","_session_token":"r:9c8a705dbc72a479d7a34898b0fbaeb2","_p_user":"_User$6IBgc750JF","createdWith":{"action":"login","authProvider":"password"},"restricted":false,"expiresAt":{"$date":"2020-04-13T18:15:14.068Z"},"installationId":"b5aa28ac-6416-45cf-a6ca-3b9643e9ae2b","_created_at":{"$date":"2019-04-14T18:15:14.068Z"},"_updated_at":{"$date":"2019-04-14T18:15:14.068Z"}}
{"_id":"pHAoHGaYSP","_session_token":"r:bc96d116a140c4c95fe39266094846c5","_p_user":"_User$JryVYj92RE","createdWith":{"action":"signup","authProvider":"password"},"restricted":false,"expiresAt":{"$date":"2021-07-15T07:00:31.863Z"},"installationId":"87d54215-116b-447b-694f-512d9ed11674","_created_at":{"$date":"2020-07-15T07:00:31.864Z"},"_updated_at":{"$date":"2020-07-15T07:00:31.864Z"}}
{"_id":"pfNWWjp0vi","_session_token":"r:7f0a1ff6b182f010c06690d9b4f7c97b","_p_user":"_User$uSB94fYgY0","createdWith":{"action":"signup","authProvider":"password"},"restricted":false,"expiresAt":{"$date":"2021-07-15T08:13:44.663Z"},"installationId":"28ea1c82-b4a6-cb13-c194-fab674a9a844","_created_at":{"$date":"2020-07-15T08:13:44.664Z"},"_updated_at":{"$date":"2020-07-15T08:13:44.664Z"}}
{"_id":"puACAFjFeu","_session_token":"r:bfdf47dfd1b59a69a7aec091a804698c","_p_user":"_User$7C4UOzbpnk","createdWith":{"action":"signup","authProvider":"password"},"restricted":false,"expiresAt":{"$date":"2020-08-07T16:49:34.845Z"},"installationId":"bf4b27ae-eca3-f975-3e47-54be5e75d42f","_created_at":{"$date":"2019-08-08T16:49:34.846Z"},"_updated_at":{"$date":"2019-08-08T16:49:34.846Z"}}
{"_id":"rTfDeijitO","_session_token":"r:6c0343058d7ac1cb0b3394c9c2d9df0f","_p_user":"_User$CVMys6KX2s","createdWith":{"action":"signup","authProvider":"password"},"restricted":false,"expiresAt":{"$date":"2021-07-14T11:20:26.371Z"},"installationId":"1db60843-2455-8678-edfe-fef61bcbb03e","_created_at":{"$date":"2020-07-14T11:20:26.372Z"},"_updated_at":{"$date":"2020-07-14T11:20:26.372Z"}}
{"_id":"tzxSA1jgA5","_session_token":"r:ffae1297551963b236562171264a8c2c","_p_user":"_User$ATbPAvyWGA","createdWith":{"action":"signup","authProvider":"password"},"restricted":false,"expiresAt":{"$date":"2021-07-15T07:05:01.505Z"},"installationId":"87d54215-116b-447b-694f-512d9ed11674","_created_at":{"$date":"2020-07-15T07:05:01.505Z"},"_updated_at":{"$date":"2020-07-15T07:05:01.505Z"}}
{"_id":"v6Gt4YjGMg","_session_token":"r:e3ed78d0b7ddffd4ecda0dce5c07cc3b","_p_user":"_User$l2xnjukMyW","createdWith":{"action":"signup","authProvider":"password"},"restricted":false,"expiresAt":{"$date":"2020-04-15T13:52:27.189Z"},"installationId":"710f2e86-3033-4160-61a3-7cb91ea9adc1","_created_at":{"$date":"2019-04-16T13:52:27.19Z"},"_updated_at":{"$date":"2019-04-16T13:52:27.19Z"}}
{"_id":"vDATeFGblS","_session_token":"r:b48a5341e346aa6dccc82bb37af2209f","_p_user":"_User$VSBDT9eqrl","createdWith":{"action":"login","authProvider":"password"},"restricted":false,"expiresAt":{"$date":"2020-04-20T02:20:14.862Z"},"installationId":"e11043b2-199d-2850-b2b5-383629ac0b22","_created_at":{"$date":"2019-04-21T02:20:14.862Z"},"_updated_at":{"$date":"2019-04-21T02:20:14.862Z"}}
{"_id":"vKc0kuDi23","_session_token":"r:77d6380455b4660a5590a5f602ab4390","_p_user":"_User$1fRcDLIoWe","createdWith":{"action":"signup","authProvider":"password"},"restricted":false,"expiresAt":{"$date":"2020-04-15T13:26:39.346Z"},"installationId":"48b021ae-a77f-60ad-4f56-8c6fbfb0f784","_created_at":{"$date":"2019-04-16T13:26:39.347Z"},"_updated_at":{"$date":"2019-04-16T13:26:39.347Z"}}
{"_id":"vosKJAkjFY","_session_token":"r:e533b758657f5af2a90a98c77aa8ce50","_p_user":"_User$6IBgc750JF","createdWith":{"action":"login","authProvider":"password"},"restricted":false,"expiresAt":{"$date":"2020-04-13T18:20:19.577Z"},"installationId":"e49cc7f2-78a5-5ef8-82cb-fdbfde7b9e4e","_created_at":{"$date":"2019-04-14T18:20:19.578Z"},"_updated_at":{"$date":"2019-04-14T18:20:19.578Z"}}
{"_id":"wiOBx7DG7P","_session_token":"r:d6139e143b4071e958e2a76a03677cf1","_p_user":"_User$R2Vq7pkv5w","createdWith":{"action":"signup","authProvider":"password"},"restricted":false,"expiresAt":{"$date":"2020-08-02T08:11:34.432Z"},"installationId":"debaa134-4227-f430-55fc-0172a85dc96f","_created_at":{"$date":"2019-08-03T08:11:34.432Z"},"_updated_at":{"$date":"2019-08-03T08:11:34.432Z"}}
{"_id":"wtbHkcjtb8","_session_token":"r:dc782e11c66025c616e73287032626f2","_p_user":"_User$07ludidlpt","createdWith":{"action":"signup","authProvider":"password"},"restricted":false,"expiresAt":{"$date":"2021-07-15T07:09:59.9Z"},"installationId":"91c77ddf-a92d-ef73-f814-c2c1007b4813","_created_at":{"$date":"2020-07-15T07:09:59.901Z"},"_updated_at":{"$date":"2020-07-15T07:09:59.901Z"}}
{"_id":"xY3w0Mo80j","_session_token":"r:d20aa82e52d16aab16e9704fb14093d5","_p_user":"_User$EGF9C7mnMN","createdWith":{"action":"signup","authProvider":"password"},"restricted":false,"expiresAt":{"$date":"2020-04-15T13:22:40.679Z"},"installationId":"7f255fbd-581b-a155-d35c-8b88a9eb237b","_created_at":{"$date":"2019-04-16T13:22:40.681Z"},"_updated_at":{"$date":"2019-04-16T13:22:40.681Z"}}
{"_id":"xcKSQtzxVy","_session_token":"r:22768cfb0ada944ed9381ed29f051cd5","_p_user":"_User$6IBgc750JF","createdWith":{"action":"login","authProvider":"password"},"restricted":false,"expiresAt":{"$date":"2020-04-13T18:06:15.503Z"},"installationId":"7daf0362-8d2b-46ed-5c63-66edee8d63fa","_created_at":{"$date":"2019-04-14T18:06:15.503Z"},"_updated_at":{"$date":"2019-04-14T18:06:15.503Z"}}
{"_id":"yrnCfN7My7","_session_token":"r:ba6ddbeab16b13c8c9292327e3345398","_p_user":"_User$c7xdbK5Hc2","createdWith":{"action":"signup","authProvider":"password"},"restricted":false,"expiresAt":{"$date":"2020-04-15T13:37:10.967Z"},"installationId":"c7de9dad-504d-27c1-cb20-26576f416623","_created_at":{"$date":"2019-04-16T13:37:10.968Z"},"_updated_at":{"$date":"2019-04-16T13:37:10.968Z"}}
{"_id":"zXrquyLJEI","_session_token":"r:c668fe4334354a1bfc9a0c79414d9b69","_p_user":"_User$VSBDT9eqrl","createdWith":{"action":"login","authProvider":"password"},"restricted":false,"expiresAt":{"$date":"2020-04-20T13:44:55.533Z"},"installationId":"4b864ac7-a967-e463-07ff-7f5daf04b97d","_created_at":{"$date":"2019-04-21T13:44:55.534Z"},"_updated_at":{"$date":"2019-04-21T13:44:55.534Z"}}
{"_id":"zezG8HlaVH","_session_token":"r:e6d9b5f5ac1eafd2bc3063b71dd1eb5d","_p_user":"_User$VSBDT9eqrl","createdWith":{"action":"login","authProvider":"password"},"restricted":false,"expiresAt":{"$date":"2020-04-20T13:55:30.18Z"},"installationId":"c13bbc7e-3f69-8303-cba4-edc365c46b35","_created_at":{"$date":"2019-04-21T13:55:30.18Z"},"_updated_at":{"$date":"2019-04-21T13:55:30.18Z"}}
