{"_id":"0vbxpoBbhf","userId":"eHfeDxsfCz","title":"Relax after work","slogan":"SLEEP ON BED","color":"white","position":"7","description":"just for fun","image":"media/upload_a4c1889521f1858d5e14c6395b9c1dfa.jpeg","status":"ACTIVE","_created_at":{"$date":"2019-06-10T16:05:56.387Z"},"_updated_at":{"$date":"2019-06-10T16:06:07.058Z"}}
{"_id":"bRwR775bQE","userId":"eHfeDxsfCz","title":"Vietnamese Sea","position":"1","description":"some time i'm going to the beach and relax, swimming ....","image":"media/upload_c43a90d3eba1d5deb2a2ef7c5530dc2c.jpeg","status":"ACTIVE","_created_at":{"$date":"2019-06-09T04:21:12.885Z"},"_updated_at":{"$date":"2019-09-12T03:47:54.506Z"},"color":"white","slogan":"DOVE BIRD"}
{"_id":"jvon8T4I13","userId":"eHfeDxsfCz","title":"Feel with Beach","slogan":"Shopping to Next Summer","color":"blue","position":"6","description":"enjoy your life","image":"media/upload_612e70afda5949641ae5436c459bd9cd.jpeg","status":"ACTIVE","_created_at":{"$date":"2019-06-10T14:08:22.983Z"},"_updated_at":{"$date":"2019-06-10T14:08:22.983Z"}}
{"_id":"kV8FB1w5nD","userId":"eHfeDxsfCz","title":"Sunset on the Beach in the country of my house","position":"3","description":"Song song với việc chế tạo, người chơi cũng","image":"media/upload_89e259bcdb234b287ab5b4b9d1cc0d2a.jpeg","status":"ACTIVE","_created_at":{"$date":"2019-06-09T05:03:31.818Z"},"_updated_at":{"$date":"2019-06-10T15:21:58.369Z"},"color":"red","slogan":"FIRE"}
{"_id":"m7vIFZRQTE","userId":"eHfeDxsfCz","title":"Country","position":"5","description":"Beautiful same Europe","image":"media/upload_6b9319be9021ff05a8d132e7b46e8503.jpeg","status":"ACTIVE","_created_at":{"$date":"2019-06-09T13:01:24.541Z"},"_updated_at":{"$date":"2019-06-10T15:21:01.082Z"},"color":"yellow","slogan":"GO TO NOW"}
{"_id":"nacXb72wE0","userId":"eHfeDxsfCz","title":"galaxy","position":"4","description":"Beautifull&nbsp;","image":"media/upload_0e23bbbd8d2c3db7078db6d6c36f2aca.jpeg","status":"ACTIVE","_created_at":{"$date":"2019-06-09T03:36:19.005Z"},"_updated_at":{"$date":"2019-06-10T15:24:11.182Z"},"color":"purple","slogan":"ONLY PINK"}
{"_id":"nmtwKQvEFY","userId":"eHfeDxsfCz","title":"DaLas of VietName","position":"2","description":"The place look like peaceful in the city is very crowed. People very friendly, warm, and food always hot","image":"media/upload_edd267d7d23fe7c5a43aeb43747b76c6.jpeg","status":"ACTIVE","_created_at":{"$date":"2019-06-09T04:42:35.098Z"},"_updated_at":{"$date":"2019-06-10T15:22:29.791Z"},"color":"gray","slogan":"PEACE TO PLACE"}
