{"_id":"1W73VwtXlV","name":"D1 Milano","_created_at":{"$date":"2019-05-01T13:45:15.81Z"},"_updated_at":{"$date":"2019-05-01T13:45:21.875Z"},"_p_parent":"Category$cx2JWTv19q","status":"ACTIVE"}
{"_id":"1WoDCTadNp","_p_parent":"Category$wmzCThPplu","_created_at":{"$date":"2019-03-31T13:40:51.202Z"},"_updated_at":{"$date":"2019-03-31T13:41:48.451Z"},"name":"Clutch Bags ","status":"ACTIVE"}
{"_id":"1hATq1Zsgy","name":"Vanessa Bruno","_created_at":{"$date":"2019-05-01T18:25:55.502Z"},"_updated_at":{"$date":"2019-05-01T18:26:02.737Z"},"_p_parent":"Category$cx2JWTv19q","status":"ACTIVE"}
{"_id":"2DOHhg77ye","name":"Love Moschino","_created_at":{"$date":"2019-05-01T16:41:38.923Z"},"_updated_at":{"$date":"2019-05-01T16:41:45.862Z"},"_p_parent":"Category$cx2JWTv19q","status":"ACTIVE"}
{"_id":"2YON6QQWRb","name":"Boys","_created_at":{"$date":"2019-04-25T17:37:14.656Z"},"_updated_at":{"$date":"2019-04-25T17:37:47.601Z"},"_p_menu":"Menu$awtvkw9OpE","status":"ACTIVE"}
{"_id":"2r5QCBDDkn","name":"Chanel Vintage","_created_at":{"$date":"2019-05-01T13:11:28.941Z"},"_updated_at":{"$date":"2019-05-01T13:11:45.856Z"},"_p_parent":"Category$cx2JWTv19q","status":"ACTIVE"}
{"_id":"391gFNIRCa","name":"Baldinini","_created_at":{"$date":"2019-05-02T12:34:42.118Z"},"_updated_at":{"$date":"2019-05-02T12:34:49.795Z"},"_p_parent":"Category$KQwhDZotuN","status":"ACTIVE"}
{"_id":"3PJxDVe4Ei","name":"Buffalo","_created_at":{"$date":"2019-05-02T12:42:57.81Z"},"_updated_at":{"$date":"2019-05-02T12:43:05.416Z"},"_p_parent":"Category$KQwhDZotuN","status":"ACTIVE"}
{"_id":"3gzkET0F0a","name":"Both","_created_at":{"$date":"2019-05-02T12:41:29.285Z"},"_updated_at":{"$date":"2019-05-02T12:41:41.046Z"},"_p_parent":"Category$KQwhDZotuN","status":"ACTIVE"}
{"_id":"44pivltqmH","name":"Jumsuits & All in Ones","_created_at":{"$date":"2019-04-30T14:38:00.522Z"},"_updated_at":{"$date":"2019-04-30T14:38:56.216Z"},"_p_parent":"Category$ahlEN7OUHC","status":"ACTIVE"}
{"_id":"4CWKCFjfz8","name":"Ader Error","_created_at":{"$date":"2019-05-02T12:26:29.672Z"},"_updated_at":{"$date":"2019-05-02T12:26:37.211Z"},"_p_parent":"Category$KQwhDZotuN","status":"ACTIVE"}
{"_id":"4b6CuPxQtl","name":"Alexander McQueen","_created_at":{"$date":"2019-05-01T11:04:48.787Z"},"_updated_at":{"$date":"2019-05-01T11:04:59.68Z"},"_p_parent":"Category$cx2JWTv19q","status":"ACTIVE"}
{"_id":"5Vh4MRDkxv","name":"Dolce Vita","_created_at":{"$date":"2019-05-01T13:54:34.599Z"},"_updated_at":{"$date":"2019-05-01T13:54:40.329Z"},"_p_parent":"Category$cx2JWTv19q","status":"ACTIVE"}
{"_id":"5vJzbuIFcK","name":"Burberry","_created_at":{"$date":"2019-05-01T12:44:37.567Z"},"_updated_at":{"$date":"2019-05-01T12:44:47.185Z"},"_p_parent":"Category$cx2JWTv19q","status":"ACTIVE"}
{"_id":"60WekIsnJs","name":"McQ Alexander McQueen","_created_at":{"$date":"2019-05-01T16:53:00.125Z"},"_updated_at":{"$date":"2019-05-01T16:53:09.68Z"},"_p_parent":"Category$cx2JWTv19q","status":"ACTIVE"}
{"_id":"6vmb8b5MNy","name":"Zac Posen","_created_at":{"$date":"2019-05-01T18:44:15.302Z"},"_updated_at":{"$date":"2019-05-01T18:44:22.579Z"},"_p_parent":"Category$cx2JWTv19q","status":"ACTIVE"}
{"_id":"6xE7MqrdWa","name":"Emporio Armani","_created_at":{"$date":"2019-05-01T14:03:53.738Z"},"_updated_at":{"$date":"2019-05-01T14:04:04.202Z"},"_p_parent":"Category$cx2JWTv19q","status":"ACTIVE"}
{"_id":"78J8dggUAn","_p_menu":"Menu$UMJBHlJmfo","_created_at":{"$date":"2019-03-31T08:02:29.413Z"},"_updated_at":{"$date":"2019-04-25T17:51:23.812Z"},"name":"New In","status":"ACTIVE"}
{"_id":"7BiaYZlMhn","name":"Marc Jacobs","_created_at":{"$date":"2019-05-01T16:49:27.399Z"},"_updated_at":{"$date":"2019-05-01T16:49:37.39Z"},"_p_parent":"Category$cx2JWTv19q","status":"ACTIVE"}
{"_id":"8VYzupDbtI","name":"New In","_created_at":{"$date":"2019-04-25T17:53:26.312Z"},"_updated_at":{"$date":"2019-05-05T09:04:04.486Z"},"status":"ACTIVE","_p_menu":"Menu$FdMkbLhD9N","position":8}
{"_id":"8qkNn08Kjc","name":"Accessories","_created_at":{"$date":"2019-04-25T17:54:37.176Z"},"_updated_at":{"$date":"2019-05-05T09:03:20.493Z"},"status":"ACTIVE","_p_menu":"Menu$FdMkbLhD9N","position":5}
{"_id":"9FcFIZQhET","name":"Pumps ","_created_at":{"$date":"2019-03-31T13:35:32.409Z"},"_updated_at":{"$date":"2019-03-31T13:42:01.235Z"},"_p_parent":"Category$YYbS7WVYGY","status":"ACTIVE"}
{"_id":"A5dCK5lDJW","name":"Mother","_created_at":{"$date":"2019-05-01T16:56:22.615Z"},"_updated_at":{"$date":"2019-05-01T16:56:29.966Z"},"_p_parent":"Category$cx2JWTv19q","status":"ACTIVE"}
{"_id":"AXnJxTwzqD","name":"Y-3","_created_at":{"$date":"2019-05-01T18:42:25.422Z"},"_updated_at":{"$date":"2019-05-01T18:42:32.532Z"},"_p_parent":"Category$cx2JWTv19q","status":"ACTIVE"}
{"_id":"AbAsyu2CHZ","name":"Dior Eyewear","_created_at":{"$date":"2019-05-01T13:52:32.337Z"},"_updated_at":{"$date":"2019-05-01T13:52:48.161Z"},"_p_parent":"Category$cx2JWTv19q","status":"ACTIVE"}
{"_id":"AdCOdlmPxL","name":"Dolce & Gabbana","_created_at":{"$date":"2019-05-01T13:53:39.253Z"},"_updated_at":{"$date":"2019-05-01T13:53:48.434Z"},"_p_parent":"Category$cx2JWTv19q","status":"ACTIVE"}
{"_id":"AiBRHYo48I","name":"D.A.T.E","_created_at":{"$date":"2019-05-01T13:43:34.527Z"},"_updated_at":{"$date":"2019-05-01T13:43:44.094Z"},"_p_parent":"Category$cx2JWTv19q","status":"ACTIVE"}
{"_id":"AmV5l2XIXH","name":"Bershka","_created_at":{"$date":"2019-05-02T12:39:14.245Z"},"_updated_at":{"$date":"2019-05-02T12:39:25.159Z"},"_p_parent":"Category$KQwhDZotuN","status":"ACTIVE"}
{"_id":"BDiELPI6Yb","name":"Boss Hugo Boss","_created_at":{"$date":"2019-05-01T12:01:52.095Z"},"_updated_at":{"$date":"2019-05-01T12:02:02.176Z"},"_p_parent":"Category$cx2JWTv19q","status":"ACTIVE"}
{"_id":"C8U1WCyhtN","name":"Alexa Chung","_created_at":{"$date":"2019-05-01T11:15:56.87Z"},"_updated_at":{"$date":"2019-05-01T11:16:12.308Z"},"_p_parent":"Category$cx2JWTv19q","status":"ACTIVE"}
{"_id":"CEfcAvWikR","name":"Chloé","_created_at":{"$date":"2019-05-01T13:15:38.726Z"},"_updated_at":{"$date":"2019-05-01T13:15:50.406Z"},"_p_parent":"Category$cx2JWTv19q","status":"ACTIVE"}
{"_id":"CM0JrRmQyA","name":"Slippers","_created_at":{"$date":"2019-05-01T10:33:23.323Z"},"_updated_at":{"$date":"2019-05-01T10:33:32.661Z"},"_p_parent":"Category$YYbS7WVYGY","status":"ACTIVE"}
{"_id":"CarRpylWXm","name":"Agave Denim","_created_at":{"$date":"2019-05-02T12:02:26.14Z"},"_updated_at":{"$date":"2019-05-02T12:02:32.9Z"},"_p_parent":"Category$KQwhDZotuN","status":"ACTIVE"}
{"_id":"DBoWK1ojny","name":"Bally","_created_at":{"$date":"2019-05-01T11:24:11.058Z"},"_updated_at":{"$date":"2019-05-01T11:24:23.359Z"},"_p_parent":"Category$cx2JWTv19q","status":"ACTIVE"}
{"_id":"DDjkCQez0n","name":"Pedro","_created_at":{"$date":"2019-05-01T17:12:32.757Z"},"_updated_at":{"$date":"2019-05-01T17:16:43.344Z"},"status":"ACTIVE","_p_parent":"Category$cx2JWTv19q"}
{"_id":"E2yBjuGfIB","name":"Shoes","_created_at":{"$date":"2019-04-25T17:50:12.327Z"},"_updated_at":{"$date":"2019-04-25T17:51:54.923Z"},"_p_menu":"Menu$UMJBHlJmfo","status":"ACTIVE"}
{"_id":"EBBwrpvqlJ","_p_menu":"Menu$awtvkw9OpE","_created_at":{"$date":"2019-03-31T07:41:24.484Z"},"_updated_at":{"$date":"2019-04-25T17:36:25.386Z"},"name":"Baby Girls","status":"ACTIVE"}
{"_id":"F7JgCBKLGK","name":"Fendi","_created_at":{"$date":"2019-05-01T15:39:39.536Z"},"_updated_at":{"$date":"2019-05-01T15:40:04.894Z"},"_p_parent":"Category$cx2JWTv19q","status":"ACTIVE"}
{"_id":"FHRToMbDvD","name":"Fila","_created_at":{"$date":"2019-05-01T15:40:44.789Z"},"_updated_at":{"$date":"2019-05-01T15:40:57.304Z"},"_p_parent":"Category$cx2JWTv19q","status":"ACTIVE"}
{"_id":"FKPyNQn1v6","name":"Acne Studios","_created_at":{"$date":"2019-05-02T11:53:37.55Z"},"_updated_at":{"$date":"2019-05-02T11:53:48.603Z"},"_p_parent":"Category$KQwhDZotuN","status":"ACTIVE"}
{"_id":"FMlMHq5zqC","name":"Black Bag","_created_at":{"$date":"2019-04-23T12:48:08.359Z"},"_updated_at":{"$date":"2019-04-23T12:49:59.016Z"},"status":"ACTIVE","_p_parent":"Category$neK5ZzFRMu"}
{"_id":"FYAZt3PDFN","name":"Hats","_created_at":{"$date":"2019-05-01T10:47:49.572Z"},"_updated_at":{"$date":"2019-05-01T10:48:07.46Z"},"_p_parent":"Category$8qkNn08Kjc","status":"ACTIVE"}
{"_id":"Fhn8OCoJxE","name":"Balenciaga","_created_at":{"$date":"2019-05-02T12:35:15.949Z"},"_updated_at":{"$date":"2019-05-02T12:35:23.684Z"},"_p_parent":"Category$KQwhDZotuN","status":"ACTIVE"}
{"_id":"Fq9FenFDKG","name":"Diesel","_created_at":{"$date":"2019-05-01T13:41:36.666Z"},"_updated_at":{"$date":"2019-05-01T13:41:46.547Z"},"_p_parent":"Category$cx2JWTv19q","status":"ACTIVE"}
{"_id":"FrTIzatoZv","name":"Sandals","_created_at":{"$date":"2019-05-01T10:32:09.104Z"},"_updated_at":{"$date":"2019-05-01T10:32:25.722Z"},"_p_parent":"Category$YYbS7WVYGY","status":"ACTIVE"}
{"_id":"GCqFISbAeN","name":"Designinverso","_created_at":{"$date":"2019-05-01T13:48:28.127Z"},"_updated_at":{"$date":"2019-05-01T13:48:35.907Z"},"_p_parent":"Category$cx2JWTv19q","status":"ACTIVE"}
{"_id":"GUENd5LVjK","name":"Givenchy","_created_at":{"$date":"2019-05-01T15:59:06.652Z"},"_updated_at":{"$date":"2019-05-01T15:59:13.846Z"},"_p_parent":"Category$cx2JWTv19q","status":"ACTIVE"}
{"_id":"GXGvzsgTou","name":"A.P.C.","_created_at":{"$date":"2019-05-02T12:20:47.43Z"},"_updated_at":{"$date":"2019-05-02T12:21:04.853Z"},"_p_parent":"Category$KQwhDZotuN","status":"ACTIVE"}
{"_id":"GYzVfD6CWo","name":"NO BRAND ","_created_at":{"$date":"2019-05-01T18:49:33.554Z"},"_updated_at":{"$date":"2019-05-01T18:49:45.446Z"},"_p_parent":"Category$cx2JWTv19q","status":"ACTIVE"}
{"_id":"GftqrRW9PQ","name":" Local Brand","_created_at":{"$date":"2019-04-25T17:58:47.86Z"},"_updated_at":{"$date":"2019-04-30T14:57:48.003Z"},"_p_parent":"Category$cx2JWTv19q","status":"ACTIVE"}
{"_id":"GldbOEoSVM","name":"Bally","_created_at":{"$date":"2019-05-02T12:35:40.888Z"},"_updated_at":{"$date":"2019-05-02T12:35:48.574Z"},"_p_parent":"Category$KQwhDZotuN","status":"ACTIVE"}
{"_id":"H4cb3VdKHE","name":"Charles & Keith","_created_at":{"$date":"2019-05-01T13:14:01.117Z"},"_updated_at":{"$date":"2019-05-01T13:14:09.091Z"},"_p_parent":"Category$cx2JWTv19q","status":"ACTIVE"}
{"_id":"HDJf0U1AFr","name":"Ancient Greek Sandals","_created_at":{"$date":"2019-05-02T12:32:37.992Z"},"_updated_at":{"$date":"2019-05-02T12:32:45.694Z"},"_p_parent":"Category$KQwhDZotuN","status":"ACTIVE"}
{"_id":"HLf3mz7oDt","name":"BOYY","_created_at":{"$date":"2019-05-01T12:04:15.212Z"},"_updated_at":{"$date":"2019-05-01T12:04:21.801Z"},"_p_parent":"Category$cx2JWTv19q","status":"ACTIVE"}
{"_id":"HRPBLLRCXc","name":"Yeezy","_created_at":{"$date":"2019-05-01T18:42:51.348Z"},"_updated_at":{"$date":"2019-05-01T18:42:58.41Z"},"_p_parent":"Category$cx2JWTv19q","status":"ACTIVE"}
{"_id":"HZBsQJ0GP9","name":"Accessories","_created_at":{"$date":"2019-04-25T17:51:20.612Z"},"_updated_at":{"$date":"2019-04-25T17:51:51.646Z"},"_p_menu":"Menu$UMJBHlJmfo","status":"ACTIVE"}
{"_id":"HfsxIraZz0","name":"Acne Studios","_created_at":{"$date":"2019-05-01T11:03:28.844Z"},"_updated_at":{"$date":"2019-05-01T11:03:39.772Z"},"_p_parent":"Category$cx2JWTv19q","status":"ACTIVE"}
{"_id":"Hj3ihkpCLZ","_p_parent":"Category$sfdPoWASpy","name":"Keyboads","status":"ACTIVE","position":2,"_created_at":{"$date":"2019-05-08T13:37:41.758Z"},"_updated_at":{"$date":"2019-05-08T13:37:41.758Z"}}
{"_id":"IFNgVIEXH3","name":"Staud","_created_at":{"$date":"2019-05-01T17:37:52.497Z"},"_updated_at":{"$date":"2019-05-01T17:37:58.757Z"},"_p_parent":"Category$cx2JWTv19q","status":"ACTIVE"}
{"_id":"JUIgnlhXOj","name":"See by Chloé","_created_at":{"$date":"2019-05-01T17:35:05.47Z"},"_updated_at":{"$date":"2019-05-01T17:35:22.487Z"},"_p_parent":"Category$cx2JWTv19q","status":"ACTIVE"}
{"_id":"JYaPumjp1o","name":"Balmain","_created_at":{"$date":"2019-05-01T11:24:48.868Z"},"_updated_at":{"$date":"2019-05-01T11:42:03.48Z"},"_p_parent":"Category$cx2JWTv19q","status":"ACTIVE"}
{"_id":"Jfs0Bd5kTa","name":"Aldo","_created_at":{"$date":"2019-05-02T11:55:38.402Z"},"_updated_at":{"$date":"2019-05-02T11:55:44.129Z"},"_p_parent":"Category$KQwhDZotuN","status":"ACTIVE"}
{"_id":"JhDGqFFsGG","name":"Stuart Weitzman","_created_at":{"$date":"2019-05-01T17:41:57.871Z"},"_updated_at":{"$date":"2019-05-01T17:42:05.483Z"},"_p_parent":"Category$cx2JWTv19q","status":"ACTIVE"}
{"_id":"JhEI0zPe2v","name":"Buffalo","_created_at":{"$date":"2019-05-01T12:43:04.413Z"},"_updated_at":{"$date":"2019-05-01T12:43:19.13Z"},"_p_parent":"Category$cx2JWTv19q","status":"ACTIVE"}
{"_id":"JmjdGcpGoE","name":"Coach","_created_at":{"$date":"2019-05-01T13:28:58.394Z"},"_updated_at":{"$date":"2019-05-01T13:29:10.204Z"},"_p_parent":"Category$cx2JWTv19q","status":"ACTIVE"}
{"_id":"Juh52QDwjc","name":"Sunglasses","_created_at":{"$date":"2019-05-01T10:46:37.084Z"},"_updated_at":{"$date":"2019-05-01T10:46:47.572Z"},"_p_parent":"Category$8qkNn08Kjc","status":"ACTIVE"}
{"_id":"KQwhDZotuN","_p_menu":"Menu$UMJBHlJmfo","_created_at":{"$date":"2019-03-31T08:00:44.98Z"},"_updated_at":{"$date":"2019-04-25T17:49:45.993Z"},"name":"Designer","status":"ACTIVE"}
{"_id":"LfITPKjgEj","name":"Giorgio Armani","_created_at":{"$date":"2019-05-01T15:58:28.383Z"},"_updated_at":{"$date":"2019-05-01T15:58:40.491Z"},"_p_parent":"Category$cx2JWTv19q","status":"ACTIVE"}
{"_id":"Lg6hfo6yfy","name":"Balmain","_created_at":{"$date":"2019-05-02T12:35:59.329Z"},"_updated_at":{"$date":"2019-05-02T12:36:06.692Z"},"_p_parent":"Category$KQwhDZotuN","status":"ACTIVE"}
{"_id":"LsP7VSYNCm","name":"Kenzo","_created_at":{"$date":"2019-05-01T16:30:52.3Z"},"_updated_at":{"$date":"2019-05-01T16:30:59.407Z"},"_p_parent":"Category$cx2JWTv19q","status":"ACTIVE"}
{"_id":"Mfwbx3lFYU","name":"Watches","_created_at":{"$date":"2019-05-01T10:48:52.758Z"},"_updated_at":{"$date":"2019-05-01T10:49:03.657Z"},"_p_parent":"Category$8qkNn08Kjc","status":"ACTIVE"}
{"_id":"Mljs6JAAtF","name":"Victoria Victoria Beckham","_created_at":{"$date":"2019-05-01T18:24:39.655Z"},"_updated_at":{"$date":"2019-05-01T18:24:47.443Z"},"_p_parent":"Category$cx2JWTv19q","status":"ACTIVE"}
{"_id":"MmOmC7zGFL","name":"Twin-Set","_created_at":{"$date":"2019-05-01T18:03:51.91Z"},"_updated_at":{"$date":"2019-05-01T18:03:59.31Z"},"_p_parent":"Category$cx2JWTv19q","status":"ACTIVE"}
{"_id":"Mw9ViUzXMl","name":"Schutz","_created_at":{"$date":"2019-05-01T17:33:17.373Z"},"_updated_at":{"$date":"2019-05-01T17:33:24.905Z"},"_p_parent":"Category$cx2JWTv19q","status":"ACTIVE"}
{"_id":"MyM5HQJToL","name":"Christian Dior","_created_at":{"$date":"2019-05-01T13:17:38.177Z"},"_updated_at":{"$date":"2019-05-01T13:17:48.353Z"},"_p_parent":"Category$cx2JWTv19q","status":"ACTIVE"}
{"_id":"N9g9stJcyJ","name":"Manolo Blahnik","_created_at":{"$date":"2019-05-01T16:48:45.465Z"},"_updated_at":{"$date":"2019-05-01T16:48:52.55Z"},"_p_parent":"Category$cx2JWTv19q","status":"ACTIVE"}
{"_id":"ND2MqMRi0m","name":"Shoulder Bags","_created_at":{"$date":"2019-05-01T10:20:47.04Z"},"_updated_at":{"$date":"2019-05-01T10:21:02.86Z"},"_p_parent":"Category$wmzCThPplu","status":"ACTIVE"}
{"_id":"NFDY0c2WE6","name":"Cartier","_created_at":{"$date":"2019-05-01T13:02:05.722Z"},"_updated_at":{"$date":"2019-05-01T13:02:13.702Z"},"_p_parent":"Category$cx2JWTv19q","status":"ACTIVE"}
{"_id":"O4D3OMymaQ","_p_menu":"Menu$8VPAQznbPg","_created_at":{"$date":"2019-03-31T06:41:35.164Z"},"_updated_at":{"$date":"2019-05-04T10:35:04.873Z"},"name":"Service","status":"ACTIVE","position":2}
{"_id":"O8b1coAnGT","name":"H&M","_created_at":{"$date":"2019-05-01T16:47:09.011Z"},"_updated_at":{"$date":"2019-05-01T16:47:21.576Z"},"_p_parent":"Category$cx2JWTv19q","status":"ACTIVE"}
{"_id":"OJlPUFabLE","_p_parent":"Category$wmzCThPplu","_created_at":{"$date":"2019-03-31T13:40:41.187Z"},"_updated_at":{"$date":"2019-04-21T03:24:06.671Z"},"name":"Bucket Bags","status":"ACTIVE"}
{"_id":"OemURBXdkd","name":"Belt Bags","_created_at":{"$date":"2019-05-01T10:23:05.158Z"},"_updated_at":{"$date":"2019-05-01T10:25:16.912Z"},"_p_parent":"Category$wmzCThPplu"}
{"_id":"P7r4pnpt7a","name":"Boss Hugo Boss","_created_at":{"$date":"2019-05-02T12:40:52.116Z"},"_updated_at":{"$date":"2019-05-02T12:41:01.046Z"},"_p_parent":"Category$KQwhDZotuN","status":"ACTIVE"}
{"_id":"Pt8awGaGov","name":"New Balance","_created_at":{"$date":"2019-05-01T16:57:44.298Z"},"_updated_at":{"$date":"2019-05-01T16:58:03.44Z"},"_p_parent":"Category$cx2JWTv19q","status":"ACTIVE"}
{"_id":"QRLOZhHOYO","name":"ZARA","_created_at":{"$date":"2019-05-01T18:44:43.305Z"},"_updated_at":{"$date":"2019-05-01T18:44:57.731Z"},"_p_parent":"Category$cx2JWTv19q","status":"ACTIVE"}
{"_id":"QVCtJMLmFq","_p_parent":"Category$sfdPoWASpy","name":"MacBook","status":"ACTIVE","position":3,"_created_at":{"$date":"2019-05-12T10:23:41.176Z"},"_updated_at":{"$date":"2019-05-12T10:24:27.646Z"}}
{"_id":"QhOztJ4qi7","name":"FRAME","_created_at":{"$date":"2019-05-01T15:45:25.14Z"},"_updated_at":{"$date":"2019-05-01T15:45:32.449Z"},"_p_parent":"Category$cx2JWTv19q","status":"ACTIVE"}
{"_id":"Qns5n7HLuQ","name":" Denim ","_created_at":{"$date":"2019-03-31T13:39:40.765Z"},"_updated_at":{"$date":"2019-03-31T13:41:54.584Z"},"_p_parent":"Category$ahlEN7OUHC","status":"ACTIVE"}
{"_id":"R1lL1lO42H","name":"Dresses","_created_at":{"$date":"2019-04-30T13:46:49.37Z"},"_updated_at":{"$date":"2019-05-05T09:34:01.663Z"},"status":"ACTIVE","_p_parent":"Category$ahlEN7OUHC","position":3}
{"_id":"RKnQjtlQzX","name":"Valentino","_created_at":{"$date":"2019-05-01T18:13:08.81Z"},"_updated_at":{"$date":"2019-05-01T18:13:16.499Z"},"_p_parent":"Category$cx2JWTv19q","status":"ACTIVE"}
{"_id":"Rb6kih99kk","name":"Red Valentino","_created_at":{"$date":"2019-05-01T17:23:03.709Z"},"_updated_at":{"$date":"2019-05-01T17:23:14.277Z"},"_p_parent":"Category$cx2JWTv19q","status":"ACTIVE"}
{"_id":"S9rEz8i4Pm","name":"Ray-Ban","_created_at":{"$date":"2019-05-01T17:21:10.232Z"},"_updated_at":{"$date":"2019-05-01T17:21:18.317Z"},"_p_parent":"Category$cx2JWTv19q","status":"ACTIVE"}
{"_id":"SUGv94wiCq","name":"Tommy Jeans","_created_at":{"$date":"2019-05-01T18:00:32.874Z"},"_updated_at":{"$date":"2019-05-01T18:00:42.103Z"},"_p_parent":"Category$cx2JWTv19q","status":"ACTIVE"}
{"_id":"SibCvVUHwK","name":"Celine Eyewear","_created_at":{"$date":"2019-05-01T13:04:57.277Z"},"_updated_at":{"$date":"2019-05-01T13:05:08.155Z"},"_p_parent":"Category$cx2JWTv19q","status":"ACTIVE"}
{"_id":"TAHkA6bao7","name":"Clothing","_created_at":{"$date":"2019-04-25T17:50:04.054Z"},"_updated_at":{"$date":"2019-04-25T17:51:56.444Z"},"_p_menu":"Menu$UMJBHlJmfo","status":"ACTIVE"}
{"_id":"TVvfkWIqHF","name":"CASADEI","_created_at":{"$date":"2019-05-01T12:56:43.454Z"},"_updated_at":{"$date":"2019-05-01T12:56:53.53Z"},"_p_parent":"Category$cx2JWTv19q","status":"ACTIVE"}
{"_id":"TWi2eU7RAQ","name":"Trending","_created_at":{"$date":"2019-04-25T17:53:46.649Z"},"_updated_at":{"$date":"2019-05-05T09:03:52.714Z"},"status":"ACTIVE","_p_menu":"Menu$FdMkbLhD9N","position":7}
{"_id":"U00m1Y9Epo","name":"Bulgari","_created_at":{"$date":"2019-05-02T12:44:09.6Z"},"_updated_at":{"$date":"2019-05-02T12:44:17.221Z"},"_p_parent":"Category$KQwhDZotuN","status":"ACTIVE"}
{"_id":"UPomRsWCYI","name":"BCBGMAXAZRIA","_created_at":{"$date":"2019-05-01T11:54:14.053Z"},"_updated_at":{"$date":"2019-05-01T11:54:22.141Z"},"_p_parent":"Category$cx2JWTv19q","status":"ACTIVE"}
{"_id":"UfjjlPSBmH","name":"Camila Klein","_created_at":{"$date":"2019-05-01T12:54:09.277Z"},"_updated_at":{"$date":"2019-05-01T12:54:17.52Z"},"_p_parent":"Category$cx2JWTv19q","status":"ACTIVE"}
{"_id":"VQCeGFtkGX","name":"Boots","_created_at":{"$date":"2019-03-31T13:32:17.61Z"},"_updated_at":{"$date":"2019-05-07T14:09:17.237Z"},"_p_parent":"Category$YYbS7WVYGY","status":"INACTIVE","position":2}
{"_id":"VV4ol3ZGux","name":"Ck Jeans","_created_at":{"$date":"2019-05-01T13:19:46.977Z"},"_updated_at":{"$date":"2019-05-01T13:19:55.084Z"},"_p_parent":"Category$cx2JWTv19q","status":"ACTIVE"}
{"_id":"WeLGItejoc","name":"Beachwear","_created_at":{"$date":"2019-04-30T14:52:49.712Z"},"_updated_at":{"$date":"2019-04-30T14:53:03.896Z"},"_p_parent":"Category$ahlEN7OUHC","status":"ACTIVE"}
{"_id":"XFQGI6tQjh","name":"Converse","_created_at":{"$date":"2019-05-01T13:34:47.347Z"},"_updated_at":{"$date":"2019-05-01T13:34:54.673Z"},"_p_parent":"Category$cx2JWTv19q","status":"ACTIVE"}
{"_id":"XXUoMqyV3L","name":"Else","_created_at":{"$date":"2019-05-01T14:02:02.956Z"},"_updated_at":{"$date":"2019-05-01T14:02:09.523Z"},"_p_parent":"Category$cx2JWTv19q","status":"ACTIVE"}
{"_id":"XhHV7UuAZK","_p_menu":"Menu$UMJBHlJmfo","_created_at":{"$date":"2019-03-31T08:02:24.764Z"},"_updated_at":{"$date":"2019-08-18T02:46:25.435Z"},"name":"Trending","status":"ACTIVE","position":9}
{"_id":"Xi28Ah4rPl","name":"Salvatore Ferragamo","_created_at":{"$date":"2019-05-01T17:31:34.355Z"},"_updated_at":{"$date":"2019-05-01T17:31:42.74Z"},"_p_parent":"Category$cx2JWTv19q","status":"ACTIVE"}
{"_id":"YYbS7WVYGY","_p_menu":"Menu$FdMkbLhD9N","_created_at":{"$date":"2019-03-31T07:59:19.821Z"},"_updated_at":{"$date":"2019-05-04T10:45:09.343Z"},"name":"Shoes","status":"ACTIVE","position":1}
{"_id":"Ykkex1vNxD","name":"Bazar Deluxe","_created_at":{"$date":"2019-05-01T11:52:14.758Z"},"_updated_at":{"$date":"2019-05-01T11:52:27.174Z"},"_p_parent":"Category$cx2JWTv19q","status":"ACTIVE"}
{"_id":"YrbggGNQ7l","_p_parent":"Category$cx2JWTv19q","_created_at":{"$date":"2019-05-02T11:18:30.445Z"},"_updated_at":{"$date":"2019-05-04T12:55:39.319Z"},"name":"Cult Gaia","status":"ACTIVE","position":3}
{"_id":"YsZCme7EnA","name":"DKNY","_created_at":{"$date":"2019-05-01T13:53:09.522Z"},"_updated_at":{"$date":"2019-05-01T13:53:14.883Z"},"_p_parent":"Category$cx2JWTv19q","status":"ACTIVE"}
{"_id":"Yu38kkBwZt","_p_menu":"Menu$FdMkbLhD9N","name":"Cups","status":"ACTIVE","position":4,"_created_at":{"$date":"2019-05-05T04:55:02.978Z"},"_updated_at":{"$date":"2019-05-05T04:55:02.978Z"}}
{"_id":"ZENIJOJcyS","name":" Flip Flops & Slides ","_created_at":{"$date":"2019-03-31T13:34:55.242Z"},"_updated_at":{"$date":"2019-03-31T13:42:03.216Z"},"_p_parent":"Category$YYbS7WVYGY","status":"ACTIVE"}
{"_id":"ZGpx7Ta1Jg","name":"Jacquemus","_created_at":{"$date":"2019-05-01T18:40:59.387Z"},"_updated_at":{"$date":"2019-05-01T18:41:06.7Z"},"_p_parent":"Category$cx2JWTv19q","status":"ACTIVE"}
{"_id":"ZNoxUwQQS2","name":"Stradivarius","_created_at":{"$date":"2019-05-01T17:38:54.419Z"},"_updated_at":{"$date":"2019-05-01T17:39:00.912Z"},"_p_parent":"Category$cx2JWTv19q","status":"ACTIVE"}
{"_id":"a1djMTFU4L","_p_parent":"Category$cx2JWTv19q","_created_at":{"$date":"2019-05-01T16:14:57.919Z"},"_updated_at":{"$date":"2019-05-01T16:15:53.16Z"},"name":"Haculla","status":"ACTIVE"}
{"_id":"ahlEN7OUHC","_p_menu":"Menu$FdMkbLhD9N","_created_at":{"$date":"2019-03-31T07:59:24.684Z"},"_updated_at":{"$date":"2019-05-05T04:53:10.406Z"},"name":"Clothing","status":"ACTIVE","position":2}
{"_id":"aoAKHFZcGw","name":"Bershka","_created_at":{"$date":"2019-05-01T11:55:28.714Z"},"_updated_at":{"$date":"2019-05-01T11:55:55.545Z"},"_p_parent":"Category$cx2JWTv19q","status":"ACTIVE"}
{"_id":"aovXd6FtMu","_p_menu":"Menu$awtvkw9OpE","_created_at":{"$date":"2019-04-25T17:32:28.679Z"},"_updated_at":{"$date":"2019-04-25T17:37:36.31Z"},"name":"New In","status":"ACTIVE"}
{"_id":"bZXaRDmHpY","name":"Acne Studio","_created_at":{"$date":"2019-05-02T11:38:03.551Z"},"_updated_at":{"$date":"2019-05-02T11:50:30.834Z"},"_p_parent":"Category$Juh52QDwjc","status":""}
{"_id":"bqRhixlRJF","name":"T-Shirt & Jeans","_created_at":{"$date":"2019-05-01T17:52:34.849Z"},"_updated_at":{"$date":"2019-05-01T17:52:43.116Z"},"_p_parent":"Category$cx2JWTv19q","status":"ACTIVE"}
{"_id":"c53ahFNoKx","name":"Bags","_created_at":{"$date":"2019-04-25T17:50:55.583Z"},"_updated_at":{"$date":"2019-04-25T17:51:53.234Z"},"_p_menu":"Menu$UMJBHlJmfo","status":"ACTIVE"}
{"_id":"c5NOXvNX4S","name":"Keds","_created_at":{"$date":"2019-05-01T17:55:44.773Z"},"_updated_at":{"$date":"2019-05-01T17:55:50.645Z"},"_p_parent":"Category$cx2JWTv19q","status":"ACTIVE"}
{"_id":"cWsVYe8oBB","name":"Furla","_created_at":{"$date":"2019-05-01T15:46:04.648Z"},"_updated_at":{"$date":"2019-05-01T15:46:11.281Z"},"_p_parent":"Category$cx2JWTv19q","status":"ACTIVE"}
{"_id":"cjsbRzi38L","name":"Off-White","_created_at":{"$date":"2019-05-01T17:05:30.922Z"},"_updated_at":{"$date":"2019-05-01T17:05:37.48Z"},"_p_parent":"Category$cx2JWTv19q","status":"ACTIVE"}
{"_id":"cx2JWTv19q","name":"Designer","_created_at":{"$date":"2019-04-25T17:54:28.522Z"},"_updated_at":{"$date":"2019-05-05T09:03:39.639Z"},"status":"ACTIVE","_p_menu":"Menu$FdMkbLhD9N","position":6}
{"_id":"d1DcumXBx9","name":"Dresses","_created_at":{"$date":"2019-04-30T14:14:02.432Z"},"_updated_at":{"$date":"2019-04-30T14:15:52.129Z"},"_p_parent":"Category$ahlEN7OUHC","status":"ACTIVE"}
{"_id":"dNFXSchOiX","name":"Michael Kors","_created_at":{"$date":"2019-05-01T16:53:54.047Z"},"_updated_at":{"$date":"2019-05-01T16:54:00.21Z"},"_p_parent":"Category$cx2JWTv19q","status":"ACTIVE"}
{"_id":"dchuMeaNwH","name":"Tommy Hilfiger","_created_at":{"$date":"2019-05-01T17:58:30.258Z"},"_updated_at":{"$date":"2019-05-01T17:58:41.253Z"},"_p_parent":"Category$cx2JWTv19q","status":"ACTIVE"}
{"_id":"dj6UnIv5O4","name":"Pull & Bear","_created_at":{"$date":"2019-05-01T17:18:55.969Z"},"_updated_at":{"$date":"2019-05-01T17:19:09.618Z"},"status":"ACTIVE","_p_parent":"Category$cx2JWTv19q"}
{"_id":"e8YRXIxhO3","name":"Bottega Veneta","_created_at":{"$date":"2019-05-02T12:42:23.75Z"},"_updated_at":{"$date":"2019-05-02T12:42:31.569Z"},"_p_parent":"Category$KQwhDZotuN","status":"ACTIVE"}
{"_id":"fGMafz8EEO","name":"Vans","_created_at":{"$date":"2019-05-01T18:13:56.36Z"},"_updated_at":{"$date":"2019-05-01T18:14:03.044Z"},"_p_parent":"Category$cx2JWTv19q","status":"ACTIVE"}
{"_id":"fPgA1zaXPG","name":"Shoes","_created_at":{"$date":"2019-04-25T17:37:25.392Z"},"_updated_at":{"$date":"2019-04-25T17:37:48.761Z"},"_p_menu":"Menu$awtvkw9OpE","status":"ACTIVE"}
{"_id":"fSh1bhRX00","_p_menu":"Menu$sLSqQctXP0","_p_parent":"Category$sfdPoWASpy","name":"Mouses","status":"ACTIVE","position":1,"_created_at":{"$date":"2019-05-08T13:30:45.285Z"},"_updated_at":{"$date":"2019-05-08T13:30:45.285Z"}}
{"_id":"fdccprFFBH","name":"Sneakers","_created_at":{"$date":"2019-05-01T10:35:58.588Z"},"_updated_at":{"$date":"2019-05-01T10:36:12.641Z"},"_p_parent":"Category$YYbS7WVYGY","status":"ACTIVE"}
{"_id":"fhcITay8kS","name":"Pants","_created_at":{"$date":"2019-04-30T14:45:40.045Z"},"_updated_at":{"$date":"2019-04-30T14:45:55.386Z"},"_p_parent":"Category$ahlEN7OUHC","status":"ACTIVE"}
{"_id":"frCZ01y66x","name":"Céline Vintage","_created_at":{"$date":"2019-05-01T13:05:42.392Z"},"_updated_at":{"$date":"2019-05-01T13:05:59.142Z"},"_p_parent":"Category$cx2JWTv19q","status":"ACTIVE"}
{"_id":"ftj2xVXsEu","name":"A-Cold-Wall*","_created_at":{"$date":"2019-05-02T12:23:45.782Z"},"_updated_at":{"$date":"2019-05-02T12:23:56.546Z"},"_p_parent":"Category$KQwhDZotuN","status":"ACTIVE"}
{"_id":"gPC5NuJC3C","name":"Lacoste","_created_at":{"$date":"2019-05-01T16:37:51.217Z"},"_updated_at":{"$date":"2019-05-01T16:37:58.693Z"},"_p_parent":"Category$cx2JWTv19q","status":"ACTIVE"}
{"_id":"gXgYmiOv6g","name":"Tote bags","_created_at":{"$date":"2019-05-01T10:21:51.034Z"},"_updated_at":{"$date":"2019-05-01T10:22:06.65Z"},"_p_parent":"Category$wmzCThPplu","status":"ACTIVE"}
{"_id":"gbQIGlqKY7","name":"C&M","_created_at":{"$date":"2019-05-01T12:50:57.515Z"},"_updated_at":{"$date":"2019-05-01T12:51:03.716Z"},"_p_parent":"Category$cx2JWTv19q","status":"ACTIVE"}
{"_id":"he4RGcEM5d","_p_menu":"Menu$awtvkw9OpE","_created_at":{"$date":"2019-03-31T07:41:20.639Z"},"_updated_at":{"$date":"2019-04-25T17:36:51.102Z"},"name":"Baby Boys","status":"ACTIVE"}
{"_id":"i3nrEdOyGZ","name":"Burberry","_created_at":{"$date":"2019-05-02T13:05:21.202Z"},"_updated_at":{"$date":"2019-05-02T13:05:28.639Z"},"_p_parent":"Category$KQwhDZotuN","status":"ACTIVE"}
{"_id":"iOMNP1h1G1","name":"CK Calvin Klein","_created_at":{"$date":"2019-05-01T13:19:17.893Z"},"_updated_at":{"$date":"2019-05-01T13:19:25.138Z"},"_p_parent":"Category$cx2JWTv19q","status":"ACTIVE"}
{"_id":"in1cBaqUFq","name":"E.M.","_created_at":{"$date":"2019-05-01T13:58:48.011Z"},"_updated_at":{"$date":"2019-05-01T15:39:59.916Z"},"_p_parent":"Category$cx2JWTv19q","status":"ACTIVE"}
{"_id":"in28L7I6UF","name":"Timberland","_created_at":{"$date":"2019-05-01T17:53:35.617Z"},"_updated_at":{"$date":"2019-05-01T17:53:43.13Z"},"_p_parent":"Category$cx2JWTv19q","status":"ACTIVE"}
{"_id":"iozPpVHkuq","name":"Girls","_created_at":{"$date":"2019-04-25T17:37:09.658Z"},"_updated_at":{"$date":"2019-04-25T17:37:46.199Z"},"_p_menu":"Menu$awtvkw9OpE","status":"ACTIVE"}
{"_id":"jDwB9apO23","name":"Jackets & Coats","_created_at":{"$date":"2019-03-31T13:37:40.298Z"},"_updated_at":{"$date":"2019-04-30T14:25:06.292Z"},"_p_parent":"Category$ahlEN7OUHC","status":"ACTIVE"}
{"_id":"kD0Rtk7W5G","_p_menu":"Menu$awtvkw9OpE","_created_at":{"$date":"2019-03-31T07:41:28.195Z"},"_updated_at":{"$date":"2019-05-05T04:42:16.134Z"},"name":"Designers","status":"ACTIVE","position":1}
{"_id":"lFouDStzZM","name":"Band Of Outsiders","_created_at":{"$date":"2019-05-02T12:38:27.306Z"},"_updated_at":{"$date":"2019-05-02T12:38:34.794Z"},"_p_parent":"Category$KQwhDZotuN","status":"ACTIVE"}
{"_id":"lFsdTdqWXK","name":"Satchel & Cross Body Bags","_created_at":{"$date":"2019-05-01T10:17:07.506Z"},"_updated_at":{"$date":"2019-05-01T10:17:21.024Z"},"_p_parent":"Category$wmzCThPplu","status":"ACTIVE"}
{"_id":"lGNv4ipi05","name":"Balenciaga","_created_at":{"$date":"2019-05-01T11:23:10.264Z"},"_updated_at":{"$date":"2019-05-01T11:23:19.904Z"},"_p_parent":"Category$cx2JWTv19q","status":"ACTIVE"}
{"_id":"lMeuUAjvPx","name":"Polo Ralph Lauren","_created_at":{"$date":"2019-05-01T17:17:09.718Z"},"_updated_at":{"$date":"2019-05-01T17:17:16.925Z"},"_p_parent":"Category$cx2JWTv19q","status":"ACTIVE"}
{"_id":"lPqeiRdPiM","name":"Skincare","_created_at":{"$date":"2019-03-31T06:40:50.211Z"},"_updated_at":{"$date":"2019-03-31T08:35:17.9Z"},"_p_menu":"Menu$8VPAQznbPg","status":"ACTIVE"}
{"_id":"lc2dsGMfzL","name":"Armani Exchange","_created_at":{"$date":"2019-05-01T11:19:30.178Z"},"_updated_at":{"$date":"2019-05-01T11:19:38.929Z"},"_p_parent":"Category$cx2JWTv19q","status":"ACTIVE"}
{"_id":"ltje7GT7Le","name":"Calvin Klein Jeans","_created_at":{"$date":"2019-05-02T13:06:56.296Z"},"_updated_at":{"$date":"2019-05-02T13:07:05.584Z"},"_p_parent":"Category$KQwhDZotuN","status":"ACTIVE"}
{"_id":"meoL4TR27V","name":"Jewelry","_created_at":{"$date":"2019-05-01T10:49:55.884Z"},"_updated_at":{"$date":"2019-05-01T10:50:07.977Z"},"_p_parent":"Category$8qkNn08Kjc","status":"ACTIVE"}
{"_id":"mj1fgY7Ywf","name":"Aldo","_created_at":{"$date":"2019-04-30T14:58:56.851Z"},"_updated_at":{"$date":"2019-04-30T14:59:08.067Z"},"_p_parent":"Category$cx2JWTv19q","status":"ACTIVE"}
{"_id":"nHIgDDtmrC","name":"Lauren Ralph Lauren","_created_at":{"$date":"2019-05-01T16:36:56.357Z"},"_updated_at":{"$date":"2019-05-01T16:37:17.949Z"},"_p_parent":"Category$cx2JWTv19q","status":"ACTIVE"}
{"_id":"nYrCrwjYAB","name":"adidas","_created_at":{"$date":"2019-04-30T15:49:39.504Z"},"_updated_at":{"$date":"2019-04-30T15:49:59.089Z"},"_p_parent":"Category$cx2JWTv19q","status":"ACTIVE"}
{"_id":"neK5ZzFRMu","name":"BAGS","_created_at":{"$date":"2019-04-23T12:46:30.555Z"},"_updated_at":{"$date":"2019-05-04T10:16:38.955Z"},"status":"ACTIVE","_p_menu":"Menu$awtvkw9OpE"}
{"_id":"nuBvnifJPH","name":"ASOS","_created_at":{"$date":"2019-05-01T11:10:25.294Z"},"_updated_at":{"$date":"2019-05-01T11:10:45.51Z"},"_p_parent":"Category$cx2JWTv19q","status":"ACTIVE"}
{"_id":"nvcDXbQgRi","name":"Tory Burch","_created_at":{"$date":"2019-05-01T18:01:51.752Z"},"_updated_at":{"$date":"2019-05-01T18:01:57.629Z"},"_p_parent":"Category$cx2JWTv19q","status":"ACTIVE"}
{"_id":"o1sCYxbX9B","name":"Nike","_created_at":{"$date":"2019-05-01T16:59:10.196Z"},"_updated_at":{"$date":"2019-05-01T16:59:16.191Z"},"_p_parent":"Category$cx2JWTv19q","status":"ACTIVE"}
{"_id":"pA2eCRllHF","name":"Kappa","_created_at":{"$date":"2019-05-01T16:28:59.063Z"},"_updated_at":{"$date":"2019-05-01T16:29:07.449Z"},"_p_parent":"Category$cx2JWTv19q","status":"ACTIVE"}
{"_id":"pNYlNa0SjU","name":"Jimmy Choo","_created_at":{"$date":"2019-05-01T16:27:13.536Z"},"_updated_at":{"$date":"2019-05-01T16:27:20.66Z"},"_p_parent":"Category$cx2JWTv19q","status":"ACTIVE"}
{"_id":"pRuXVIfMDg","name":"Alexander Wang","_created_at":{"$date":"2019-05-01T11:17:08.458Z"},"_updated_at":{"$date":"2019-05-01T11:17:16.811Z"},"_p_parent":"Category$cx2JWTv19q","status":"ACTIVE"}
{"_id":"pSkPmSrmw5","name":"Loafers","_created_at":{"$date":"2019-05-01T10:38:48.889Z"},"_updated_at":{"$date":"2019-05-01T10:39:01.211Z"},"_p_parent":"Category$YYbS7WVYGY","status":"ACTIVE"}
{"_id":"pk203YKfDa","name":"MCM","_created_at":{"$date":"2019-05-01T16:51:14.992Z"},"_updated_at":{"$date":"2019-05-01T16:51:21.975Z"},"_p_parent":"Category$cx2JWTv19q","status":"ACTIVE"}
{"_id":"ppWem40EGI","name":"Adidas","_created_at":{"$date":"2019-05-02T11:56:46.631Z"},"_updated_at":{"$date":"2019-05-02T11:56:57.089Z"},"_p_parent":"Category$KQwhDZotuN","status":"ACTIVE"}
{"_id":"px65S4AimJ","name":"GUES","_created_at":{"$date":"2019-05-01T16:01:01.224Z"},"_updated_at":{"$date":"2019-05-01T16:01:08.081Z"},"_p_parent":"Category$cx2JWTv19q","status":"ACTIVE"}
{"_id":"qCHFK9V8Dq","name":"Bottega Veneta","_created_at":{"$date":"2019-05-01T12:02:53.206Z"},"_updated_at":{"$date":"2019-05-01T12:03:03.712Z"},"_p_parent":"Category$cx2JWTv19q","status":"ACTIVE"}
{"_id":"qFzfhDB1Og","name":"Alexander McQueen","_created_at":{"$date":"2019-05-02T12:29:25.721Z"},"_updated_at":{"$date":"2019-05-02T12:29:33.477Z"},"_p_parent":"Category$KQwhDZotuN","status":"ACTIVE"}
{"_id":"qstssToojB","name":"J Brand","_created_at":{"$date":"2019-05-01T16:24:06.549Z"},"_updated_at":{"$date":"2019-05-01T16:24:14.227Z"},"_p_parent":"Category$cx2JWTv19q","status":"ACTIVE"}
{"_id":"r7SZbPytqi","name":"Nine West","_created_at":{"$date":"2019-05-01T17:01:17.162Z"},"_updated_at":{"$date":"2019-05-01T17:04:29.067Z"},"_p_parent":"Category$cx2JWTv19q","status":"ACTIVE"}
{"_id":"rGfhgDdxtC","name":"Barba","_created_at":{"$date":"2019-05-02T12:36:56.566Z"},"_updated_at":{"$date":"2019-05-02T12:37:04.42Z"},"_p_parent":"Category$KQwhDZotuN","status":"ACTIVE"}
{"_id":"rOAEw8M2u8","_p_menu":"Menu$8VPAQznbPg","_created_at":{"$date":"2019-03-31T06:41:23.798Z"},"_updated_at":{"$date":"2019-05-04T10:24:53.226Z"},"name":"Make up","status":"ACTIVE","position":1}
{"_id":"rRWzvuIdYJ","name":"Bulova","_created_at":{"$date":"2019-05-02T12:46:47.893Z"},"_updated_at":{"$date":"2019-05-02T12:46:55.385Z"},"_p_parent":"Category$KQwhDZotuN","status":"ACTIVE"}
{"_id":"rmw9XNFsfW","name":"Wallets & Purses","_created_at":{"$date":"2019-05-01T10:52:11.028Z"},"_updated_at":{"$date":"2019-05-01T10:52:21.442Z"},"_p_parent":"Category$8qkNn08Kjc","status":"ACTIVE"}
{"_id":"rstj8ZVcXe","name":"Calvin Klein","_created_at":{"$date":"2019-05-02T13:06:12.761Z"},"_updated_at":{"$date":"2019-05-02T13:06:20.464Z"},"_p_parent":"Category$KQwhDZotuN","status":"ACTIVE"}
{"_id":"sGD4cXcjHH","status":"ACTIVE","_created_at":{"$date":"2019-05-01T16:00:14.945Z"},"_updated_at":{"$date":"2019-05-01T16:00:30.643Z"},"name":"Gucci","_p_parent":"Category$cx2JWTv19q"}
{"_id":"sIDPx5sGcs","name":"A.N.G.E.L.O. Vintage Cult","_created_at":{"$date":"2019-05-02T12:20:00.333Z"},"_updated_at":{"$date":"2019-05-02T12:20:11.537Z"},"_p_parent":"Category$KQwhDZotuN","status":"ACTIVE"}
{"_id":"sTWCNZJkqo","name":"3.1 Phillip Lim","_created_at":{"$date":"2019-05-01T18:46:21.458Z"},"_updated_at":{"$date":"2019-05-01T18:46:29.019Z"},"_p_parent":"Category$cx2JWTv19q","status":"ACTIVE"}
{"_id":"sfdPoWASpy","_p_menu":"Menu$sLSqQctXP0","name":"HeadPhone","status":"ACTIVE","position":1,"_created_at":{"$date":"2019-05-05T03:22:04.839Z"},"_updated_at":{"$date":"2019-05-05T03:22:04.839Z"}}
{"_id":"sjOACbeJfI","name":"Levi's","_created_at":{"$date":"2019-05-01T16:40:23.507Z"},"_updated_at":{"$date":"2019-05-01T16:40:31.942Z"},"_p_parent":"Category$cx2JWTv19q","status":"ACTIVE"}
{"_id":"ssFcwS8HPN","name":"Tops","_created_at":{"$date":"2019-04-30T14:43:53.576Z"},"_updated_at":{"$date":"2019-04-30T14:44:09.153Z"},"_p_parent":"Category$ahlEN7OUHC","status":"ACTIVE"}
{"_id":"ssTImDNuvF","name":"Camper Lab","_created_at":{"$date":"2019-05-02T13:26:17.468Z"},"_updated_at":{"$date":"2019-05-02T13:26:26.974Z"},"_p_parent":"Category$KQwhDZotuN","status":"ACTIVE"}
{"_id":"styFDoTuBx","name":"Puma","_created_at":{"$date":"2019-05-01T17:18:17.364Z"},"_updated_at":{"$date":"2019-05-01T17:18:22.906Z"},"_p_parent":"Category$cx2JWTv19q","status":"ACTIVE"}
{"_id":"u0VUTbaitZ","name":"Kate Spade","_created_at":{"$date":"2019-05-01T16:29:44.538Z"},"_updated_at":{"$date":"2019-05-01T16:29:50.544Z"},"_p_parent":"Category$cx2JWTv19q","status":"ACTIVE"}
{"_id":"uXCekw3KdQ","name":"Victoria Beckham","_created_at":{"$date":"2019-05-01T18:20:40.217Z"},"_updated_at":{"$date":"2019-05-01T18:20:47.627Z"},"_p_parent":"Category$cx2JWTv19q","status":"ACTIVE"}
{"_id":"ulHtAFPx9d","name":"Calvin Klein","_created_at":{"$date":"2019-05-01T12:47:15.759Z"},"_updated_at":{"$date":"2019-05-01T12:47:25.408Z"},"_p_parent":"Category$cx2JWTv19q","status":"ACTIVE"}
{"_id":"uwpGWcNECg","name":"Mini bags","_created_at":{"$date":"2019-05-01T10:15:02.899Z"},"_updated_at":{"$date":"2019-05-01T10:15:20.337Z"},"_p_parent":"Category$wmzCThPplu","status":"ACTIVE"}
{"_id":"v0Lc0L6YBr","name":"Saint Laurent","_created_at":{"$date":"2019-05-01T17:30:21.318Z"},"_updated_at":{"$date":"2020-08-10T08:35:22.126Z"},"_p_parent":"Category$cx2JWTv19q","status":"ACTIVE"}
{"_id":"wmzCThPplu","_p_menu":"Menu$FdMkbLhD9N","_created_at":{"$date":"2019-03-31T07:59:15.916Z"},"_updated_at":{"$date":"2019-05-05T09:04:14.386Z"},"name":"Bags","status":"ACTIVE","position":9}
{"_id":"wqp6nL5GVG","name":"Sweaters & Knitwear","_created_at":{"$date":"2019-04-30T14:49:34.039Z"},"_updated_at":{"$date":"2019-04-30T14:50:18.792Z"},"_p_parent":"Category$ahlEN7OUHC","status":"ACTIVE"}
{"_id":"xJVlqTBB1N","name":"Backpacks ","_created_at":{"$date":"2019-03-31T13:40:14.88Z"},"_updated_at":{"$date":"2019-03-31T13:41:52.763Z"},"_p_parent":"Category$wmzCThPplu","status":"ACTIVE"}
{"_id":"xQLaQ5wFk6","name":"Chanel Eyewear","_created_at":{"$date":"2019-05-01T13:11:03.62Z"},"_updated_at":{"$date":"2019-05-01T13:11:11.478Z"},"_p_parent":"Category$cx2JWTv19q","status":"ACTIVE"}
{"_id":"yGmsWVFEr0","name":"Steve Madden","_created_at":{"$date":"2019-05-01T17:44:27.573Z"},"_updated_at":{"$date":"2019-05-01T17:44:36.628Z"},"_p_parent":"Category$cx2JWTv19q","status":"ACTIVE"}
{"_id":"yVhbfClOgy","name":" Shorts & Skirts","_created_at":{"$date":"2019-03-31T13:36:40.986Z"},"_updated_at":{"$date":"2019-04-30T14:22:55.678Z"},"_p_parent":"Category$ahlEN7OUHC","status":"ACTIVE"}
{"_id":"z1IpSfvHyf","_p_parent":"Category$cx2JWTv19q","_created_at":{"$date":"2019-05-02T11:17:51.757Z"},"_updated_at":{"$date":"2019-05-02T11:18:16.106Z"},"name":"Gianvito Rossi","status":"ACTIVE"}
{"_id":"zSc69HFBGp","name":"Prada","_created_at":{"$date":"2019-05-01T17:17:48.014Z"},"_updated_at":{"$date":"2019-05-01T17:17:54.047Z"},"_p_parent":"Category$cx2JWTv19q","status":"ACTIVE"}
