{"_id":"SOzLOO8kbK","name":"Tỉnh Kon Tum","code":"62","unit":"Tỉnh","priority":"","coordinate":"","status":"ACTIVE","_created_at":{"$date":"2020-08-31T15:41:00.717Z"},"_updated_at":{"$date":"2020-08-31T15:41:00.717Z"}}
{"_id":"JylknzSpeQ","name":"Tỉnh Bà Rịa - Vũng Tàu","code":"77","unit":"Tỉnh","priority":"","coordinate":"","status":"ACTIVE","_created_at":{"$date":"2020-08-31T15:41:00.799Z"},"_updated_at":{"$date":"2020-08-31T15:41:00.799Z"}}
{"_id":"m5OuemMkTA","name":"Tỉnh Tiền Giang","code":"82","unit":"Tỉnh","priority":"","coordinate":"","status":"ACTIVE","_created_at":{"$date":"2020-08-31T15:41:00.799Z"},"_updated_at":{"$date":"2020-08-31T15:41:00.799Z"}}
{"_id":"1Mcb6F8tUJ","name":"Tỉnh Bạc Liêu","code":"95","unit":"Tỉnh","priority":"","coordinate":"","status":"ACTIVE","_created_at":{"$date":"2020-08-31T15:41:00.801Z"},"_updated_at":{"$date":"2020-08-31T15:41:00.801Z"}}
{"_id":"CDqahK5lA5","name":"Thành phố Cần Thơ","code":"92","unit":"Thành phố Trung ương","priority":"","coordinate":"","status":"ACTIVE","_created_at":{"$date":"2020-08-31T15:41:00.8Z"},"_updated_at":{"$date":"2020-08-31T15:41:00.8Z"}}
{"_id":"gzKKeYHGSK","name":"Tỉnh Sóc Trăng","code":"94","unit":"Tỉnh","priority":"","coordinate":"","status":"ACTIVE","_created_at":{"$date":"2020-08-31T15:41:00.8Z"},"_updated_at":{"$date":"2020-08-31T15:41:00.8Z"}}
{"_id":"BsaNY2eF47","name":"Tỉnh Đắk Nông","code":"67","unit":"Tỉnh","priority":"","coordinate":"","status":"ACTIVE","_created_at":{"$date":"2020-08-31T15:41:00.798Z"},"_updated_at":{"$date":"2020-08-31T15:41:00.798Z"}}
{"_id":"xbBTlz7nPP","name":"Tỉnh Trà Vinh","code":"84","unit":"Tỉnh","priority":"","coordinate":"","status":"ACTIVE","_created_at":{"$date":"2020-08-31T15:41:00.8Z"},"_updated_at":{"$date":"2020-08-31T15:41:00.8Z"}}
{"_id":"SAEsIaovwV","name":"Tỉnh Long An","code":"80","unit":"Tỉnh","priority":"","coordinate":"","status":"ACTIVE","_created_at":{"$date":"2020-08-31T15:41:00.799Z"},"_updated_at":{"$date":"2020-08-31T15:41:00.799Z"}}
{"_id":"oaI1RjmPdx","name":"Tỉnh Bến Tre","code":"83","unit":"Tỉnh","priority":"","coordinate":"","status":"ACTIVE","_created_at":{"$date":"2020-08-31T15:41:00.799Z"},"_updated_at":{"$date":"2020-08-31T15:41:00.799Z"}}
{"_id":"mAhr9wc6cE","name":"Tỉnh Đồng Tháp","code":"87","unit":"Tỉnh","priority":"","coordinate":"","status":"ACTIVE","_created_at":{"$date":"2020-08-31T15:41:00.8Z"},"_updated_at":{"$date":"2020-08-31T15:41:00.8Z"}}
{"_id":"GN6jWO9Tj6","name":"Tỉnh Đắk Lắk","code":"66","unit":"Tỉnh","priority":"","coordinate":"","status":"ACTIVE","_created_at":{"$date":"2020-08-31T15:41:00.798Z"},"_updated_at":{"$date":"2020-08-31T15:41:00.798Z"}}
{"_id":"CDpVudHDeN","name":"Tỉnh Tây Ninh","code":"72","unit":"Tỉnh","priority":"","coordinate":"","status":"ACTIVE","_created_at":{"$date":"2020-08-31T15:41:00.799Z"},"_updated_at":{"$date":"2020-08-31T15:41:00.799Z"}}
{"_id":"sTRR53Nbl0","name":"Tỉnh Cà Mau","code":"96","unit":"Tỉnh","priority":"","coordinate":"","status":"ACTIVE","_created_at":{"$date":"2020-08-31T15:41:00.8Z"},"_updated_at":{"$date":"2020-08-31T15:41:00.8Z"}}
{"_id":"C1aLV9YD5H","name":"Tỉnh Vĩnh Long","code":"86","unit":"Tỉnh","priority":"","coordinate":"","status":"ACTIVE","_created_at":{"$date":"2020-08-31T15:41:00.799Z"},"_updated_at":{"$date":"2020-08-31T15:41:00.799Z"}}
{"_id":"WcpBacxIoX","name":"Tỉnh Kiên Giang","code":"91","unit":"Tỉnh","priority":"","coordinate":"","status":"ACTIVE","_created_at":{"$date":"2020-08-31T15:41:00.8Z"},"_updated_at":{"$date":"2020-08-31T15:41:00.8Z"}}
{"_id":"3yYjAKypDz","name":"Tỉnh Đồng Nai","code":"75","unit":"Tỉnh","priority":"","coordinate":"","status":"ACTIVE","_created_at":{"$date":"2020-08-31T15:41:00.799Z"},"_updated_at":{"$date":"2020-08-31T15:41:00.799Z"}}
{"_id":"YLGF6YUnGT","name":"Tỉnh Bình Phước","code":"70","unit":"Tỉnh","priority":"","coordinate":"","status":"ACTIVE","_created_at":{"$date":"2020-08-31T15:41:00.798Z"},"_updated_at":{"$date":"2020-08-31T15:41:00.798Z"}}
{"_id":"VF4RZArhd3","name":"Thành phố Hồ Chí Minh","code":"79","unit":"Thành phố Trung ương","priority":"","coordinate":"","status":"ACTIVE","_created_at":{"$date":"2020-08-31T15:41:00.799Z"},"_updated_at":{"$date":"2020-08-31T15:41:00.799Z"}}
{"_id":"JBGSmHLG59","name":"Tỉnh Hậu Giang","code":"93","unit":"Tỉnh","priority":"","coordinate":"","status":"ACTIVE","_created_at":{"$date":"2020-08-31T15:41:00.8Z"},"_updated_at":{"$date":"2020-08-31T15:41:00.8Z"}}
{"_id":"HmPTkkCRMP","name":"Tỉnh Lâm Đồng","code":"68","unit":"Tỉnh","priority":"","coordinate":"","status":"ACTIVE","_created_at":{"$date":"2020-08-31T15:41:00.798Z"},"_updated_at":{"$date":"2020-08-31T15:41:00.798Z"}}
{"_id":"ArAhLUk07D","name":"Tỉnh An Giang","code":"89","unit":"Tỉnh","priority":"","coordinate":"","status":"ACTIVE","_created_at":{"$date":"2020-08-31T15:41:00.8Z"},"_updated_at":{"$date":"2020-08-31T15:41:00.8Z"}}
{"_id":"S5mi0Y85lC","name":"Tỉnh Bình Dương","code":"74","unit":"Tỉnh","priority":"","coordinate":"","status":"ACTIVE","_created_at":{"$date":"2020-08-31T15:41:00.799Z"},"_updated_at":{"$date":"2020-08-31T15:41:00.799Z"}}
{"_id":"nvlTa8vBV0","name":"Tỉnh Nam Định","code":"36","unit":"Tỉnh","priority":"","coordinate":"","status":"ACTIVE","_created_at":{"$date":"2020-08-31T15:41:01.454Z"},"_updated_at":{"$date":"2020-08-31T15:41:01.454Z"}}
{"_id":"kYJDbvtKP5","name":"Tỉnh Bắc Kạn","code":"06","unit":"Tỉnh","priority":"","coordinate":"","status":"ACTIVE","_created_at":{"$date":"2020-08-31T15:41:01.456Z"},"_updated_at":{"$date":"2020-08-31T15:41:01.456Z"}}
{"_id":"U7dNsYur9k","name":"Tỉnh Hưng Yên","code":"33","unit":"Tỉnh","priority":"","coordinate":"","status":"ACTIVE","_created_at":{"$date":"2020-08-31T15:41:01.455Z"},"_updated_at":{"$date":"2020-08-31T15:41:01.455Z"}}
{"_id":"VWiwXnzJza","name":"Tỉnh Hoà Bình","code":"17","unit":"Tỉnh","priority":"","coordinate":"","status":"ACTIVE","_created_at":{"$date":"2020-08-31T15:41:01.456Z"},"_updated_at":{"$date":"2020-08-31T15:41:01.456Z"}}
{"_id":"ozBJ4E0Mxe","name":"Tỉnh Quảng Ninh","code":"22","unit":"Tỉnh","priority":"","coordinate":"","status":"ACTIVE","_created_at":{"$date":"2020-08-31T15:41:01.455Z"},"_updated_at":{"$date":"2020-08-31T15:41:01.455Z"}}
{"_id":"7dIcGdxDim","name":"Tỉnh Thừa Thiên Huế","code":"46","unit":"Tỉnh","priority":"","coordinate":"","status":"ACTIVE","_created_at":{"$date":"2020-08-31T15:41:01.457Z"},"_updated_at":{"$date":"2020-08-31T15:41:01.457Z"}}
{"_id":"QjWqCojAuL","name":"Tỉnh Gia Lai","code":"64","unit":"Tỉnh","priority":"","coordinate":"","status":"ACTIVE","_created_at":{"$date":"2020-08-31T15:41:01.456Z"},"_updated_at":{"$date":"2020-08-31T15:41:01.456Z"}}
{"_id":"uqGr8CKulx","name":"Tỉnh Quảng Ngãi","code":"51","unit":"Tỉnh","priority":"","coordinate":"","status":"ACTIVE","_created_at":{"$date":"2020-08-31T15:41:01.457Z"},"_updated_at":{"$date":"2020-08-31T15:41:01.457Z"}}
{"_id":"21owug3eTU","name":"Tỉnh Thái Nguyên","code":"19","unit":"Tỉnh","priority":"","coordinate":"","status":"ACTIVE","_created_at":{"$date":"2020-08-31T15:41:01.455Z"},"_updated_at":{"$date":"2020-08-31T15:41:01.455Z"}}
{"_id":"VQTW8aQfLB","name":"Tỉnh Hải Dương","code":"30","unit":"Tỉnh","priority":"","coordinate":"","status":"ACTIVE","_created_at":{"$date":"2020-08-31T15:41:01.455Z"},"_updated_at":{"$date":"2020-08-31T15:41:01.455Z"}}
{"_id":"UDMIqmLRFY","name":"Tỉnh Lai Châu","code":"12","unit":"Tỉnh","priority":"","coordinate":"","status":"ACTIVE","_created_at":{"$date":"2020-08-31T15:41:01.456Z"},"_updated_at":{"$date":"2020-08-31T15:41:01.456Z"}}
{"_id":"EOCW3igI0L","name":"Tỉnh Quảng Bình","code":"44","unit":"Tỉnh","priority":"","coordinate":"","status":"ACTIVE","_created_at":{"$date":"2020-08-31T15:41:01.454Z"},"_updated_at":{"$date":"2020-08-31T15:41:01.454Z"}}
{"_id":"HPYEvHOkPF","name":"Tỉnh Thái Bình","code":"34","unit":"Tỉnh","priority":"","coordinate":"","status":"ACTIVE","_created_at":{"$date":"2020-08-31T15:41:01.455Z"},"_updated_at":{"$date":"2020-08-31T15:41:01.455Z"}}
{"_id":"ntyjiIeUpa","name":"Tỉnh Cao Bằng","code":"04","unit":"Tỉnh","priority":"","coordinate":"","status":"ACTIVE","_created_at":{"$date":"2020-08-31T15:41:01.456Z"},"_updated_at":{"$date":"2020-08-31T15:41:01.456Z"}}
{"_id":"wMlaZ6KnGc","name":"Tỉnh Bình Thuận","code":"60","unit":"Tỉnh","priority":"","coordinate":"","status":"ACTIVE","_created_at":{"$date":"2020-08-31T15:41:01.456Z"},"_updated_at":{"$date":"2020-08-31T15:41:01.456Z"}}
{"_id":"FbU86pPD8N","name":"Thành phố Đà Nẵng","code":"48","unit":"Thành phố Trung ương","priority":"","coordinate":"","status":"ACTIVE","_created_at":{"$date":"2020-08-31T15:41:01.457Z"},"_updated_at":{"$date":"2020-08-31T15:41:01.457Z"}}
{"_id":"8mBeGPa8kE","name":"Thành phố Hải Phòng","code":"31","unit":"Thành phố Trung ương","priority":"","coordinate":"","status":"ACTIVE","_created_at":{"$date":"2020-08-31T15:41:01.455Z"},"_updated_at":{"$date":"2020-08-31T15:41:01.455Z"}}
{"_id":"uH5fv6xRH2","name":"Tỉnh Yên Bái","code":"15","unit":"Tỉnh","priority":"","coordinate":"","status":"ACTIVE","_created_at":{"$date":"2020-08-31T15:41:01.455Z"},"_updated_at":{"$date":"2020-08-31T15:41:01.455Z"}}
{"_id":"BGzfnDTifL","name":"Tỉnh Nghệ An","code":"40","unit":"Tỉnh","priority":"","coordinate":"","status":"ACTIVE","_created_at":{"$date":"2020-08-31T15:41:01.454Z"},"_updated_at":{"$date":"2020-08-31T15:41:01.454Z"}}
{"_id":"bsR6TQK4sH","name":"Tỉnh Vĩnh Phúc","code":"26","unit":"Tỉnh","priority":"","coordinate":"","status":"ACTIVE","_created_at":{"$date":"2020-08-31T15:41:01.455Z"},"_updated_at":{"$date":"2020-08-31T15:41:01.455Z"}}
{"_id":"oXGIG2e3yA","name":"Tỉnh Điện Biên","code":"11","unit":"Tỉnh","priority":"","coordinate":"","status":"ACTIVE","_created_at":{"$date":"2020-08-31T15:41:01.456Z"},"_updated_at":{"$date":"2020-08-31T15:41:01.456Z"}}
{"_id":"5hmcHVyeLN","name":"Thành phố Hà Nội","code":"01","unit":"Thành phố Trung ương","priority":"","coordinate":"","status":"ACTIVE","_created_at":{"$date":"2020-08-31T15:41:01.456Z"},"_updated_at":{"$date":"2020-08-31T15:41:01.456Z"}}
{"_id":"2qCX3HL6Zf","name":"Tỉnh Khánh Hòa","code":"56","unit":"Tỉnh","priority":"","coordinate":"","status":"ACTIVE","_created_at":{"$date":"2020-08-31T15:41:01.457Z"},"_updated_at":{"$date":"2020-08-31T15:41:01.457Z"}}
{"_id":"2afBbqkGqk","name":"Tỉnh Quảng Trị","code":"45","unit":"Tỉnh","priority":"","coordinate":"","status":"ACTIVE","_created_at":{"$date":"2020-08-31T15:41:01.457Z"},"_updated_at":{"$date":"2020-08-31T15:41:01.457Z"}}
{"_id":"nuVXxAtJFh","name":"Tỉnh Sơn La","code":"14","unit":"Tỉnh","priority":"","coordinate":"","status":"ACTIVE","_created_at":{"$date":"2020-08-31T15:41:01.456Z"},"_updated_at":{"$date":"2020-08-31T15:41:01.456Z"}}
{"_id":"cTltDNni9R","name":"Tỉnh Ninh Bình","code":"37","unit":"Tỉnh","priority":"","coordinate":"","status":"ACTIVE","_created_at":{"$date":"2020-08-31T15:41:01.454Z"},"_updated_at":{"$date":"2020-08-31T15:41:01.454Z"}}
{"_id":"PHQ2Sue660","name":"Tỉnh Tuyên Quang","code":"08","unit":"Tỉnh","priority":"","coordinate":"","status":"ACTIVE","_created_at":{"$date":"2020-08-31T15:41:01.456Z"},"_updated_at":{"$date":"2020-08-31T15:41:01.456Z"}}
{"_id":"085tznOhht","name":"Tỉnh Bắc Ninh","code":"27","unit":"Tỉnh","priority":"","coordinate":"","status":"ACTIVE","_created_at":{"$date":"2020-08-31T15:41:01.455Z"},"_updated_at":{"$date":"2020-08-31T15:41:01.455Z"}}
{"_id":"Dm8JLBRkXo","name":"Tỉnh Bắc Giang","code":"24","unit":"Tỉnh","priority":"","coordinate":"","status":"ACTIVE","_created_at":{"$date":"2020-08-31T15:41:01.455Z"},"_updated_at":{"$date":"2020-08-31T15:41:01.455Z"}}
{"_id":"O5oHBmixcR","name":"Tỉnh Ninh Thuận","code":"58","unit":"Tỉnh","priority":"","coordinate":"","status":"ACTIVE","_created_at":{"$date":"2020-08-31T15:41:01.456Z"},"_updated_at":{"$date":"2020-08-31T15:41:01.456Z"}}
{"_id":"wfVZ8juUZl","name":"Tỉnh Bình Định","code":"52","unit":"Tỉnh","priority":"","coordinate":"","status":"ACTIVE","_created_at":{"$date":"2020-08-31T15:41:01.457Z"},"_updated_at":{"$date":"2020-08-31T15:41:01.457Z"}}
{"_id":"ipxV3ETkj4","name":"Tỉnh Hà Tĩnh","code":"42","unit":"Tỉnh","priority":"","coordinate":"","status":"ACTIVE","_created_at":{"$date":"2020-08-31T15:41:01.457Z"},"_updated_at":{"$date":"2020-08-31T15:41:01.457Z"}}
{"_id":"i7ELiSnZcs","name":"Tỉnh Phú Thọ","code":"25","unit":"Tỉnh","priority":"","coordinate":"","status":"ACTIVE","_created_at":{"$date":"2020-08-31T15:41:01.455Z"},"_updated_at":{"$date":"2020-08-31T15:41:01.455Z"}}
{"_id":"UjWftaw0ok","name":"Tỉnh Lạng Sơn","code":"20","unit":"Tỉnh","priority":"","coordinate":"","status":"ACTIVE","_created_at":{"$date":"2020-08-31T15:41:01.455Z"},"_updated_at":{"$date":"2020-08-31T15:41:01.455Z"}}
{"_id":"hqRZkitQoB","name":"Tỉnh Thanh Hóa","code":"38","unit":"Tỉnh","priority":"","coordinate":"","status":"ACTIVE","_created_at":{"$date":"2020-08-31T15:41:01.454Z"},"_updated_at":{"$date":"2020-08-31T15:41:01.454Z"}}
{"_id":"VFDR5W1oSS","name":"Tỉnh Hà Nam","code":"35","unit":"Tỉnh","priority":"","coordinate":"","status":"ACTIVE","_created_at":{"$date":"2020-08-31T15:41:01.455Z"},"_updated_at":{"$date":"2020-08-31T15:41:01.455Z"}}
{"_id":"K8YhLzAuzQ","name":"Tỉnh Lào Cai","code":"10","unit":"Tỉnh","priority":"","coordinate":"","status":"ACTIVE","_created_at":{"$date":"2020-08-31T15:41:01.456Z"},"_updated_at":{"$date":"2020-08-31T15:41:01.456Z"}}
{"_id":"fxOCbCAyhI","name":"Tỉnh Quảng Nam","code":"49","unit":"Tỉnh","priority":"","coordinate":"","status":"ACTIVE","_created_at":{"$date":"2020-08-31T15:41:01.457Z"},"_updated_at":{"$date":"2020-08-31T15:41:01.457Z"}}
{"_id":"B2URa1ttfu","name":"Tỉnh Phú Yên","code":"54","unit":"Tỉnh","priority":"","coordinate":"","status":"ACTIVE","_created_at":{"$date":"2020-08-31T15:41:01.456Z"},"_updated_at":{"$date":"2020-08-31T15:41:01.456Z"}}
{"_id":"bEJQ54s0NL","name":"Tỉnh Hà Giang","code":"02","unit":"Tỉnh","priority":"","coordinate":"","status":"ACTIVE","_created_at":{"$date":"2020-08-31T15:41:01.456Z"},"_updated_at":{"$date":"2020-08-31T15:41:01.456Z"}}
