{"_id":"8VPAQznbPg","name":"E.B&A","_created_at":{"$date":"2019-03-31T06:28:18.305Z"},"_updated_at":{"$date":"2020-08-10T08:40:23.901Z"},"status":"ACTIVE","position":4}
{"_id":"FdMkbLhD9N","name":"Women","_created_at":{"$date":"2019-03-31T06:27:14.77Z"},"_updated_at":{"$date":"2019-05-03T15:13:26.177Z"},"status":"ACTIVE","position":1}
{"_id":"UMJBHlJmfo","name":"Men","_created_at":{"$date":"2019-03-31T06:27:29.984Z"},"_updated_at":{"$date":"2019-05-02T14:18:05.663Z"},"status":"ACTIVE","position":3}
{"_id":"awtvkw9OpE","name":"Kids","_created_at":{"$date":"2019-03-31T06:27:37.885Z"},"_updated_at":{"$date":"2019-05-03T14:58:03.602Z"},"status":"ACTIVE","position":2}
{"_id":"quJjKKmEPB","name":"Rings","status":"INACTIVE","position":7,"_created_at":{"$date":"2019-05-04T07:41:51.65Z"},"_updated_at":{"$date":"2019-05-28T16:26:45.875Z"}}
{"_id":"sLSqQctXP0","name":"Laptops","status":"INACTIVE","position":5,"_created_at":{"$date":"2019-05-04T03:19:26.404Z"},"_updated_at":{"$date":"2019-05-04T10:10:52.109Z"}}
