{"_id":"0YDWQFu5ME","items":{"hlhtAfyMao":{"objectId":"hlhtAfyMao","price":30,"images":"media\\upload_e7dddcfb2b4a9a9301ff5e6a5350f9e9.jpeg","count":4,"name":"áo đấu","storeId":"rGCumjwmzZ","color":"gray"},"8wW1o5gZJJ":{"objectId":"8wW1o5gZJJ","price":2222222,"images":"media\\upload_044f6d22e842c7489837d257af0e7c4e.jpeg","count":4,"name":"one chưởng","storeId":"rGCumjwmzZ","color":"yellow"}},"deliveryInfo":{"name":"nghia","phone":"0988315475","address":"123 Phạm văn chiêu"},"storeIds":["rGCumjwmzZ"],"amount":8889008,"_p_user":"_User$rp4pbuwgvY","status":"NEW","_created_at":{"$date":"2019-08-04T05:13:22.103Z"},"_updated_at":{"$date":"2019-08-04T05:13:22.103Z"}}
{"_id":"0eNbAhBFs9","items":{"73sVaCRatO":{"objectId":"73sVaCRatO","price":2000000,"images":"media/upload_c1af66dad139b914487c79d4eb5bf11f.png","count":1,"name":"Balo Solo 15.6\" Code- UBN740 M Black","storeId":"rGCumjwmzZ","size":"S","color":"black","type":"available"}},"deliveryInfo":{"name":"nghia","phone":"0988475315","address":"123 Phạm văn chiêu"},"storeIds":["rGCumjwmzZ"],"amount":2000000,"_p_user":"_User$eHfeDxsfCz","status":"NEW","_created_at":{"$date":"2019-09-12T05:04:15.301Z"},"_updated_at":{"$date":"2019-09-12T05:04:15.301Z"}}
{"_id":"16iXCdkYqI","items":{"lpLL35jElP":{"objectId":"lpLL35jElP","price":1000000,"images":"//////media/upload_0085864b762477a25a3fb31bd66df2ed.png","count":1,"name":"Balo Solo 15.6\" Code- UBN740 M Grey/Black","storeId":"rGCumjwmzZ","color":"gray"}},"deliveryInfo":{"name":"nghia","phone":"0988315475","address":"123 Phạm văn chiêu"},"storeIds":["rGCumjwmzZ"],"amount":1000000,"_p_user":"_User$rp4pbuwgvY","status":"NEW","_created_at":{"$date":"2019-08-04T03:33:00.335Z"},"_updated_at":{"$date":"2019-08-04T03:33:00.335Z"}}
{"_id":"19QWSQfhhm","items":{"lpLL35jElP":{"objectId":"lpLL35jElP","price":1000000,"images":"//////media/upload_0085864b762477a25a3fb31bd66df2ed.png","count":2,"name":"Balo Solo 15.6\" Code- UBN740 M Grey/Black","storeId":"rGCumjwmzZ","color":"gray"}},"deliveryInfo":{"name":"hoa dep gai","phone":"0386688096","address":"123 Phạm văn chiêu"},"storeIds":["rGCumjwmzZ"],"amount":2000000,"_p_user":"_User$rp4pbuwgvY","status":"NEW","_created_at":{"$date":"2019-08-04T06:05:48.95Z"},"_updated_at":{"$date":"2019-08-04T06:05:48.95Z"}}
{"_id":"41WuvlzQRc","items":{"8Nft9rwt3H":{"objectId":"8Nft9rwt3H","price":90,"images":"img/product/hm3-pro-6.jpg","count":2,"name":"T- Shirt And Jeans","storeId":"rGCumjwmzZz","size":"L","color":"gray","status":"AVAILABLE"},"STyyOE6xxm":{"objectId":"STyyOE6xxm","price":60,"images":"img/product/hm3-pro-1.jpg","count":1,"name":"T- Shirt And Jeans","storeId":"rGCumjwmzZ","size":"S","color":"blue","status":"OUT_OF_STOCK"}},"deliveryInfo":{"name":"may man ma","phone":"098876546","address":"222"},"storeIds":["rGCumjwmzZ"],"amount":240,"_p_user":"_User$VSBDT9eqrl","status":"OUT_OF_STOCK","_created_at":{"$date":"2019-04-21T05:15:18.846Z"},"_updated_at":{"$date":"2019-04-25T14:15:31.225Z"}}
{"_id":"4tZeMR3Bnn","items":{"hlhtAfyMao":{"objectId":"hlhtAfyMao","price":30,"images":"media\\upload_e7dddcfb2b4a9a9301ff5e6a5350f9e9.jpeg","count":1,"name":"áo đấu","storeId":"rGCumjwmzZ","color":"gray"}},"deliveryInfo":{"name":"nghia","phone":"0988767868","address":"123 Phạm văn chiêu"},"storeIds":["rGCumjwmzZ"],"amount":30,"_p_user":"_User$rp4pbuwgvY","status":"NEW","_created_at":{"$date":"2019-08-03T11:12:09.898Z"},"_updated_at":{"$date":"2019-08-03T11:12:09.898Z"}}
{"_id":"5Zgm6ThRV8","items":{"hBSjgJkWZP":{"objectId":"hBSjgJkWZP","price":1300000,"images":"media/upload_fbee887e09c95e7ec55ca159828168e5.png","count":17,"name":"Lowepro Flipside Trek BP 250 AW M Grey/Dark Green","storeId":"ESUKCG7wOw","size":"S","color":"gray","type":"available"}},"deliveryInfo":{"name":"Duc test ","phone":"01644727333","address":"95 đường 59"},"storeIds":["ESUKCG7wOw"],"amount":22100000,"_p_user":"_User$VSBDT9eqrl","status":"NEW","_created_at":{"$date":"2019-08-04T10:38:34.6Z"},"_updated_at":{"$date":"2019-08-04T10:38:34.6Z"}}
{"_id":"5lV6TjrCvf","items":{"JZR1E6NjCl":{"objectId":"JZR1E6NjCl","price":2200000,"images":"media\\upload_cc585ed5e16248429bf5f9c4d484aa31.jpeg","count":1,"name":"Lowepro Flipside Trek BP 250 AW M Grey/Dark Green","storeId":"rGCumjwmzZ","size":"M","color":"gray","status":"AVAILABLE"}},"deliveryInfo":{"name":"Tran Le Viet Duc","phone":"0344727252","address":"364 Cộng hoà "},"storeIds":["rGCumjwmzZ"],"amount":2200000,"_p_user":"_User$VSBDT9eqrl","status":"COMPLETED","_created_at":{"$date":"2019-04-24T09:06:01.026Z"},"_updated_at":{"$date":"2019-04-25T15:06:08.137Z"}}
{"_id":"71wBzj32c6","items":{"lpLL35jElP":{"objectId":"lpLL35jElP","price":1000000,"images":"//////media/upload_0085864b762477a25a3fb31bd66df2ed.png","count":1,"name":"Balo Solo 15.6\" Code- UBN740 M Grey/Black","storeId":"rGCumjwmzZ","color":"gray"}},"deliveryInfo":{"name":"nghia","phone":"0988315475","address":"123 Phạm văn chiêu"},"storeIds":["rGCumjwmzZ"],"amount":1000000,"_p_user":"_User$rp4pbuwgvY","status":"NEW","_created_at":{"$date":"2019-08-04T03:45:34.324Z"},"_updated_at":{"$date":"2019-08-04T03:45:34.324Z"}}
{"_id":"761JAGTEDt","items":{"lpLL35jElP":{"objectId":"lpLL35jElP","price":1000000,"images":"//////media/upload_0085864b762477a25a3fb31bd66df2ed.png","count":1,"name":"Balo Solo 15.6\" Code- UBN740 M Grey/Black","storeId":"rGCumjwmzZ","color":"gray"}},"deliveryInfo":{"name":"nghia","phone":"0988315475","address":"123 Phạm văn chiêu"},"storeIds":["rGCumjwmzZ"],"amount":1000000,"_p_user":"_User$rp4pbuwgvY","status":"NEW","_created_at":{"$date":"2019-08-04T07:19:29.615Z"},"_updated_at":{"$date":"2019-08-04T07:19:29.615Z"}}
{"_id":"7XhWpqCexf","items":{"lpLL35jElP":{"objectId":"lpLL35jElP","price":1000000,"images":"//////media/upload_0085864b762477a25a3fb31bd66df2ed.png","count":1,"name":"Balo Solo 15.6\" Code- UBN740 M Grey/Black","storeId":"rGCumjwmzZ","color":"gray"}},"deliveryInfo":{"name":"nfahi","phone":"0970998786","address":"123 Phạm văn chiêu"},"storeIds":["rGCumjwmzZ"],"amount":1000000,"_p_user":"_User$rp4pbuwgvY","status":"NEW","_created_at":{"$date":"2019-08-03T11:18:03.067Z"},"_updated_at":{"$date":"2019-08-03T11:18:03.067Z"}}
{"_id":"7ddwCYPF0j","items":{"lpLL35jElP":{"objectId":"lpLL35jElP","price":1000000,"images":"//////media/upload_0085864b762477a25a3fb31bd66df2ed.png","count":1,"name":"Balo Solo 15.6\" Code- UBN740 M Grey/Black","storeId":"rGCumjwmzZ","color":"gray"}},"deliveryInfo":{"name":"ducnghai","phone":"0967899764567","address":"123 Phạm văn chiêu"},"storeIds":["rGCumjwmzZ"],"amount":1000000,"_p_user":"_User$rp4pbuwgvY","status":"NEW","_created_at":{"$date":"2019-08-03T10:26:49.775Z"},"_updated_at":{"$date":"2019-08-03T10:26:49.775Z"}}
{"_id":"8EHHUXqUlC","items":{"lpLL35jElP":{"objectId":"lpLL35jElP","price":1000000,"images":"//////media/upload_0085864b762477a25a3fb31bd66df2ed.png","count":1,"name":"Balo Solo 15.6\" Code- UBN740 M Grey/Black","storeId":"rGCumjwmzZ","color":"gray"}},"deliveryInfo":{"name":"nghia hoa","phone":"0988315475","address":"123 Phạm văn chiêu"},"storeIds":["rGCumjwmzZ"],"amount":1000000,"_p_user":"_User$rp4pbuwgvY","status":"NEW","_created_at":{"$date":"2019-08-03T10:36:45.548Z"},"_updated_at":{"$date":"2019-08-03T10:36:45.548Z"}}
{"_id":"9z5vzVfUSw","items":{"8wW1o5gZJJ":{"objectId":"8wW1o5gZJJ","price":2222222,"images":"media\\upload_044f6d22e842c7489837d257af0e7c4e.jpeg","count":2,"name":"one chưởng","storeId":"rGCumjwmzZ","color":"yellow","type":"","status":"AVAILABLE"}},"deliveryInfo":{"name":"nghia dep trai","phone":"0988473159","address":"123 Phạm văn chiêu"},"storeIds":["rGCumjwmzZ"],"amount":4444444,"_p_user":"_User$eHfeDxsfCz","status":"FAILED","_created_at":{"$date":"2019-08-11T03:44:37.623Z"},"_updated_at":{"$date":"2019-08-11T04:30:48.135Z"},"reasons":"spam qua"}
{"_id":"AA0E1Vx0se","items":{"lpLL35jElP":{"objectId":"lpLL35jElP","price":1000000,"images":"//////media/upload_0085864b762477a25a3fb31bd66df2ed.png","count":2,"name":"Balo Solo 15.6\" Code- UBN740 M Grey/Black","storeId":"rGCumjwmzZ","color":"gray"}},"deliveryInfo":{"name":"nghia","phone":"0988315475","address":"123 Phạm văn chiêu"},"storeIds":["rGCumjwmzZ"],"amount":2000000,"_p_user":"_User$rp4pbuwgvY","status":"NEW","_created_at":{"$date":"2019-08-03T12:07:12.031Z"},"_updated_at":{"$date":"2019-08-03T12:07:12.031Z"}}
{"_id":"AAgppKoYBL","items":{"hBSjgJkWZP":{"objectId":"hBSjgJkWZP","price":1300000,"images":"media/upload_fbee887e09c95e7ec55ca159828168e5.png","count":20,"name":"Lowepro Flipside Trek BP 250 AW M Grey/Dark Green","storeId":"ESUKCG7wOw","size":"S","color":"gray","type":"available"}},"deliveryInfo":{"name":"duc test","phone":"123456789","address":"95 đường 59"},"storeIds":["ESUKCG7wOw"],"amount":26000000,"_p_user":"_User$VSBDT9eqrl","status":"NEW","_created_at":{"$date":"2019-08-04T10:47:53.67Z"},"_updated_at":{"$date":"2019-08-04T10:47:53.67Z"}}
{"_id":"AGow9OeTqu","items":{"lpLL35jElP":{"objectId":"lpLL35jElP","price":1000000,"images":"//////media/upload_0085864b762477a25a3fb31bd66df2ed.png","count":1,"name":"Balo Solo 15.6\" Code- UBN740 M Grey/Black","storeId":"rGCumjwmzZ","color":"gray"}},"deliveryInfo":{"name":"hoa","phone":"0386688096","address":"123 Phạm văn chiêu"},"storeIds":["rGCumjwmzZ"],"amount":1000000,"_p_user":"_User$rp4pbuwgvY","status":"NEW","_created_at":{"$date":"2019-08-04T06:03:12.663Z"},"_updated_at":{"$date":"2019-08-04T06:03:12.663Z"}}
{"_id":"ANDJ4uOA2h","items":{"Vzgq1gTB7D":{"objectId":"Vzgq1gTB7D","price":2800000,"images":"media\\upload_ad4723515f2da594c38a321a8a334172.jpeg","count":1,"name":"adidas nmd r2","storeId":"rGCumjwmzZ","size":"35","color":"gray","status":"AVAILABLE"},"iIhWXVTrcm":{"objectId":"iIhWXVTrcm","price":10000000,"images":"media\\upload_d49553fb22f5a962f41f0e78f8cb3db3.jpeg","count":1,"name":"nike","storeId":"rGCumjwmzZ","size":"","color":"gray","status":"AVAILABLE"}},"deliveryInfo":{"name":"may","phone":"098789765","address":"111"},"storeIds":["rGCumjwmzZ"],"amount":12800000,"_p_user":"_User$VSBDT9eqrl","status":"COMPLETED","_created_at":{"$date":"2019-04-21T13:47:09.288Z"},"_updated_at":{"$date":"2019-08-11T04:13:26.011Z"}}
{"_id":"BT226HOdKl","items":{"lpLL35jElP":{"objectId":"lpLL35jElP","price":1000000,"images":"//////media/upload_0085864b762477a25a3fb31bd66df2ed.png","count":1,"name":"Balo Solo 15.6\" Code- UBN740 M Grey/Black","storeId":"rGCumjwmzZ","color":"gray"}},"deliveryInfo":{"name":"nghia","phone":"0989878765","address":"123 Phạm văn chiêu"},"storeIds":["rGCumjwmzZ"],"amount":1000000,"_p_user":"_User$rp4pbuwgvY","status":"NEW","_created_at":{"$date":"2019-08-04T05:35:40.67Z"},"_updated_at":{"$date":"2019-08-04T05:35:40.67Z"}}
{"_id":"BW235eAq1d","items":{"MEcaSYwGb6":{"objectId":"MEcaSYwGb6","price":2000000,"images":"media/upload_644c0f0442a10cfb96e2601b0f1bc8c0.png","count":1,"name":"Balo Solo 15.6\" Code- UBN740 M Grey","storeId":"rGCumjwmzZ","size":"S","color":"gray","type":"available"},"73sVaCRatO":{"objectId":"73sVaCRatO","price":2000000,"images":"media/upload_c1af66dad139b914487c79d4eb5bf11f.png","count":1,"name":"Balo Solo 15.6\" Code- UBN740 M Black","storeId":"rGCumjwmzZ","size":"S","color":"black","type":"available"}},"deliveryInfo":{"name":"duc test","phone":"01644727222","address":"95 đường 59"},"storeIds":["rGCumjwmzZ"],"amount":4000000,"_p_user":"_User$VSBDT9eqrl","status":"NEW","_created_at":{"$date":"2019-08-03T13:11:19.854Z"},"_updated_at":{"$date":"2019-08-03T13:11:19.854Z"}}
{"_id":"Bn3XlaTvUf","items":{"lpLL35jElP":{"objectId":"lpLL35jElP","price":1000000,"images":"//////media/upload_0085864b762477a25a3fb31bd66df2ed.png","count":1,"name":"Balo Solo 15.6\" Code- UBN740 M Grey/Black","storeId":"rGCumjwmzZ","color":"gray"}},"deliveryInfo":{"name":"nghia hoa","phone":"0988315475","address":"123 Phạm văn chiêu"},"storeIds":["rGCumjwmzZ"],"amount":1000000,"_p_user":"_User$rp4pbuwgvY","status":"NEW","_created_at":{"$date":"2019-08-03T10:43:05.028Z"},"_updated_at":{"$date":"2019-08-03T10:43:05.028Z"}}
{"_id":"BoNwDrPrMg","items":{"lpLL35jElP":{"objectId":"lpLL35jElP","price":1000000,"images":"//////media/upload_0085864b762477a25a3fb31bd66df2ed.png","count":3,"name":"Balo Solo 15.6\" Code- UBN740 M Grey/Black","storeId":"rGCumjwmzZ","color":"gray","status":"AVAILABLE"}},"deliveryInfo":{"name":"nghia","phone":"0988315475","address":"123 Phạm văn chiêu"},"storeIds":["rGCumjwmzZ"],"amount":3000000,"_p_user":"_User$rp4pbuwgvY","status":"COMPLETED","_created_at":{"$date":"2019-08-03T09:15:41.9Z"},"_updated_at":{"$date":"2019-08-07T08:09:53.652Z"}}
{"_id":"C4O8JyOvvM","items":{"lpLL35jElP":{"objectId":"lpLL35jElP","price":1000000,"images":"//////media/upload_0085864b762477a25a3fb31bd66df2ed.png","count":1,"name":"Balo Solo 15.6\" Code- UBN740 M Grey/Black","storeId":"rGCumjwmzZ","color":"gray"}},"deliveryInfo":{"name":"nghia","phone":"0989098767","address":"123 Phạm văn chiêu"},"storeIds":["rGCumjwmzZ"],"amount":1000000,"_p_user":"_User$rp4pbuwgvY","status":"NEW","_created_at":{"$date":"2019-08-03T11:35:37.651Z"},"_updated_at":{"$date":"2019-08-03T11:35:37.651Z"}}
{"_id":"C4wRGYs5Yz","items":{"lpLL35jElP":{"objectId":"lpLL35jElP","price":1000000,"images":"//////media/upload_0085864b762477a25a3fb31bd66df2ed.png","count":1,"name":"Balo Solo 15.6\" Code- UBN740 M Grey/Black","storeId":"rGCumjwmzZ","color":"gray"}},"deliveryInfo":{"name":"nghia dep trai","phone":"0988315475","address":"123 Phạm văn chiêu"},"storeIds":["rGCumjwmzZ"],"amount":1000000,"_p_user":"_User$rp4pbuwgvY","status":"NEW","_created_at":{"$date":"2019-08-04T07:18:22.917Z"},"_updated_at":{"$date":"2019-08-04T07:18:22.917Z"}}
{"_id":"CMj0SPDiit","items":{"lpLL35jElP":{"objectId":"lpLL35jElP","price":1000000,"images":"//////media/upload_0085864b762477a25a3fb31bd66df2ed.png","count":1,"name":"Balo Solo 15.6\" Code- UBN740 M Grey/Black","storeId":"rGCumjwmzZ","color":"gray"}},"deliveryInfo":{"name":"nghia","phone":"0988315475","address":"123 Phạm văn chiêu"},"storeIds":["rGCumjwmzZ"],"amount":1000000,"_p_user":"_User$rp4pbuwgvY","status":"NEW","_created_at":{"$date":"2019-08-03T11:19:35.842Z"},"_updated_at":{"$date":"2019-08-03T11:19:35.842Z"}}
{"_id":"CtrUTgXaxD","items":{"lpLL35jElP":{"objectId":"lpLL35jElP","price":1000000,"images":"//////media/upload_0085864b762477a25a3fb31bd66df2ed.png","count":3,"name":"Balo Solo 15.6\" Code- UBN740 M Grey/Black","storeId":"rGCumjwmzZ","color":"gray"}},"deliveryInfo":{"name":"nghia","phone":"0989878986","address":"123 Phạm văn chiêu"},"storeIds":["rGCumjwmzZ"],"amount":3000000,"_p_user":"_User$rp4pbuwgvY","status":"NEW","_created_at":{"$date":"2019-08-03T11:49:36.673Z"},"_updated_at":{"$date":"2019-08-03T11:49:36.673Z"}}
{"_id":"DVyHvYNach","items":{"lpLL35jElP":{"objectId":"lpLL35jElP","price":1000000,"images":"//////media/upload_0085864b762477a25a3fb31bd66df2ed.png","count":2,"name":"Balo Solo 15.6\" Code- UBN740 M Grey/Black","storeId":"rGCumjwmzZ","color":"gray"}},"deliveryInfo":{"name":"nghia nay","phone":"0988315475","address":"123 Phạm văn chiêu"},"storeIds":["rGCumjwmzZ"],"amount":2000000,"_p_user":"_User$rp4pbuwgvY","status":"NEW","_created_at":{"$date":"2019-08-04T04:25:34.466Z"},"_updated_at":{"$date":"2019-08-04T04:25:34.466Z"}}
{"_id":"EKmgk7Kb46","items":{"0vgPrsXqZF":{"objectId":"0vgPrsXqZF","price":40,"images":"img/product/hm3-pro-3.jpg","count":1,"name":"T- Shirt And Jeans"},"ebYkGuNzFA":{"objectId":"ebYkGuNzFA","price":100,"images":"img/product/hm3-pro-5.jpg","count":1,"name":"T- Shirt And Jeans"}},"deliveryInfo":{"name":"active","phone":"0344727252","address":"95 đường 59"},"amount":140,"_p_user":"_User$6IBgc750JF","status":"NEW","_created_at":{"$date":"2019-04-16T12:08:31.381Z"},"_updated_at":{"$date":"2019-04-16T12:08:31.381Z"}}
{"_id":"Ek9yoKLIwp","items":{"lpLL35jElP":{"objectId":"lpLL35jElP","price":1000000,"images":"//////media/upload_0085864b762477a25a3fb31bd66df2ed.png","count":1,"name":"Balo Solo 15.6\" Code- UBN740 M Grey/Black","storeId":"rGCumjwmzZ","color":"gray"}},"deliveryInfo":{"name":"nghia hoa","phone":"0988315475","address":"123 Phạm văn chiêu"},"storeIds":["rGCumjwmzZ"],"amount":1000000,"_p_user":"_User$rp4pbuwgvY","status":"NEW","_created_at":{"$date":"2019-08-03T10:41:59.427Z"},"_updated_at":{"$date":"2019-08-03T10:41:59.427Z"}}
{"_id":"ExeRgldMpR","items":{"lpLL35jElP":{"objectId":"lpLL35jElP","price":1000000,"images":"//////media/upload_0085864b762477a25a3fb31bd66df2ed.png","count":1,"name":"Balo Solo 15.6\" Code- UBN740 M Grey/Black","storeId":"rGCumjwmzZ","color":"gray"}},"deliveryInfo":{"name":"nghia hoa","phone":"0988315475","address":"123 Phạm văn chiêu"},"storeIds":["rGCumjwmzZ"],"amount":1000000,"_p_user":"_User$rp4pbuwgvY","status":"NEW","_created_at":{"$date":"2019-08-03T10:44:18.646Z"},"_updated_at":{"$date":"2019-08-03T10:44:18.646Z"}}
{"_id":"EzxyX2qeQE","items":{"lpLL35jElP":{"objectId":"lpLL35jElP","price":1000000,"images":"//////media/upload_0085864b762477a25a3fb31bd66df2ed.png","count":1,"name":"Balo Solo 15.6\" Code- UBN740 M Grey/Black","storeId":"rGCumjwmzZ","color":"gray"}},"deliveryInfo":{"name":"nghia","phone":"0988315475","address":"123 Phạm văn chiêu"},"storeIds":["rGCumjwmzZ"],"amount":1000000,"_p_user":"_User$rp4pbuwgvY","status":"NEW","_created_at":{"$date":"2019-08-03T11:41:09.96Z"},"_updated_at":{"$date":"2019-08-03T11:41:09.96Z"}}
{"_id":"G4XkpNtUSA","items":{"hBSjgJkWZP":{"objectId":"hBSjgJkWZP","price":1300000,"images":"media/upload_fbee887e09c95e7ec55ca159828168e5.png","count":1,"name":"Lowepro Flipside Trek BP 250 AW M Grey/Dark Green","storeId":"ESUKCG7wOw","size":"S","color":"gray","type":"available"}},"deliveryInfo":{"name":"nghia","phone":"0988475315","address":"123 Phạm văn chiêu"},"storeIds":["ESUKCG7wOw"],"amount":1300000,"_p_user":"_User$eHfeDxsfCz","status":"NEW","_created_at":{"$date":"2019-09-12T05:04:15.328Z"},"_updated_at":{"$date":"2019-09-12T05:04:15.328Z"}}
{"_id":"G9CJvPjTxE","items":{"lpLL35jElP":{"objectId":"lpLL35jElP","price":1000000,"images":"//////media/upload_0085864b762477a25a3fb31bd66df2ed.png","count":1,"name":"Balo Solo 15.6\" Code- UBN740 M Grey/Black","storeId":"rGCumjwmzZ","color":"gray"}},"deliveryInfo":{"name":"nghia","phone":"09878909876","address":"123 Phạm văn chiêu"},"storeIds":["rGCumjwmzZ"],"amount":1000000,"_p_user":"_User$rp4pbuwgvY","status":"NEW","_created_at":{"$date":"2019-08-03T11:26:56.202Z"},"_updated_at":{"$date":"2019-08-03T11:26:56.202Z"}}
{"_id":"H9xdRxAbM8","items":{"lpLL35jElP":{"objectId":"lpLL35jElP","price":1000000,"images":"//////media/upload_0085864b762477a25a3fb31bd66df2ed.png","count":2,"name":"Balo Solo 15.6\" Code- UBN740 M Grey/Black","storeId":"rGCumjwmzZ","color":"gray"}},"deliveryInfo":{"name":"nghia","phone":"0988315475","address":"123 Phạm văn chiêu"},"storeIds":["rGCumjwmzZ"],"amount":2000000,"_p_user":"_User$rp4pbuwgvY","status":"NEW","_created_at":{"$date":"2019-08-03T12:06:10.738Z"},"_updated_at":{"$date":"2019-08-03T12:06:10.738Z"}}
{"_id":"IIe3Kb1oHR","items":{"lpLL35jElP":{"objectId":"lpLL35jElP","price":1000000,"images":"//////media/upload_0085864b762477a25a3fb31bd66df2ed.png","count":1,"name":"Balo Solo 15.6\" Code- UBN740 M Grey/Black","storeId":"rGCumjwmzZ","color":"gray"}},"deliveryInfo":{"name":"nghia dep trai","phone":"0988315475","address":"123 Phạm văn chiêu"},"storeIds":["rGCumjwmzZ"],"amount":1000000,"_p_user":"_User$rp4pbuwgvY","status":"NEW","_created_at":{"$date":"2019-08-04T04:21:16.748Z"},"_updated_at":{"$date":"2019-08-04T04:21:16.748Z"}}
{"_id":"JRUuy52qmz","items":{"lpLL35jElP":{"objectId":"lpLL35jElP","price":1000000,"images":"//////media/upload_0085864b762477a25a3fb31bd66df2ed.png","count":1,"name":"Balo Solo 15.6\" Code- UBN740 M Grey/Black","storeId":"rGCumjwmzZ","color":"gray"}},"deliveryInfo":{"name":"hoa xinh","phone":"0386688096","address":"123 Phạm văn chiêu"},"storeIds":["rGCumjwmzZ"],"amount":1000000,"_p_user":"_User$rp4pbuwgvY","status":"NEW","_created_at":{"$date":"2019-08-04T06:17:53.055Z"},"_updated_at":{"$date":"2019-08-04T06:17:53.055Z"}}
{"_id":"JVdAeYv72N","items":{"lpLL35jElP":{"objectId":"lpLL35jElP","price":1000000,"images":"//////media/upload_0085864b762477a25a3fb31bd66df2ed.png","count":1,"name":"Balo Solo 15.6\" Code- UBN740 M Grey/Black","storeId":"rGCumjwmzZ","color":"gray"}},"deliveryInfo":{"name":"nghia","phone":"0989878765","address":"123 Phạm văn chiêu"},"storeIds":["rGCumjwmzZ"],"amount":1000000,"_p_user":"_User$rp4pbuwgvY","status":"NEW","_created_at":{"$date":"2019-08-04T05:21:33.975Z"},"_updated_at":{"$date":"2019-08-04T05:21:33.975Z"}}
{"_id":"K2b46T8QAW","items":{"hlhtAfyMao":{"objectId":"hlhtAfyMao","price":30,"images":"media\\upload_e7dddcfb2b4a9a9301ff5e6a5350f9e9.jpeg","count":1,"name":"áo đấu","storeId":"rGCumjwmzZ","color":"gray"},"8wW1o5gZJJ":{"objectId":"8wW1o5gZJJ","price":2222222,"images":"media\\upload_044f6d22e842c7489837d257af0e7c4e.jpeg","count":2,"name":"one chưởng","storeId":"rGCumjwmzZ","color":"yellow"}},"deliveryInfo":{"name":"nghia ","phone":"0988315475","address":"123 Phạm văn chiêu"},"storeIds":["rGCumjwmzZ"],"amount":4444474,"_p_user":"_User$rp4pbuwgvY","status":"NEW","_created_at":{"$date":"2019-08-04T05:02:56.349Z"},"_updated_at":{"$date":"2019-08-04T05:02:56.349Z"}}
{"_id":"K47e2dckHe","items":{"lpLL35jElP":{"objectId":"lpLL35jElP","price":1000000,"images":"//////media/upload_0085864b762477a25a3fb31bd66df2ed.png","count":1,"name":"Balo Solo 15.6\" Code- UBN740 M Grey/Black","storeId":"rGCumjwmzZ","color":"gray"}},"deliveryInfo":{"name":"nghia","phone":"09878987635","address":"123 Phạm văn chiêu"},"storeIds":["rGCumjwmzZ"],"amount":1000000,"_p_user":"_User$rp4pbuwgvY","status":"NEW","_created_at":{"$date":"2019-08-03T11:28:51.278Z"},"_updated_at":{"$date":"2019-08-03T11:28:51.278Z"}}
{"_id":"LTwvNoucIR","items":{"lpLL35jElP":{"objectId":"lpLL35jElP","price":1000000,"images":"//////media/upload_0085864b762477a25a3fb31bd66df2ed.png","count":1,"name":"Balo Solo 15.6\" Code- UBN740 M Grey/Black","storeId":"rGCumjwmzZ","color":"gray"}},"deliveryInfo":{"name":"nghia","phone":"0987676576","address":"123 Phạm văn chiêu"},"storeIds":["rGCumjwmzZ"],"amount":1000000,"_p_user":"_User$rp4pbuwgvY","status":"NEW","_created_at":{"$date":"2019-08-03T11:10:10.013Z"},"_updated_at":{"$date":"2019-08-03T11:10:10.013Z"}}
{"_id":"MVtA3gBm7s","items":{"lpLL35jElP":{"objectId":"lpLL35jElP","price":1000000,"images":"//////media/upload_0085864b762477a25a3fb31bd66df2ed.png","count":1,"name":"Balo Solo 15.6\" Code- UBN740 M Grey/Black","storeId":"rGCumjwmzZ","color":"gray"}},"deliveryInfo":{"name":"hoa xinh gai","phone":"0386688096","address":"123 Phạm văn chiêu"},"storeIds":["rGCumjwmzZ"],"amount":1000000,"_p_user":"_User$rp4pbuwgvY","status":"NEW","_created_at":{"$date":"2019-08-04T06:09:18.156Z"},"_updated_at":{"$date":"2019-08-04T06:09:18.156Z"}}
{"_id":"NTmWdo0UeA","items":{"lpLL35jElP":{"objectId":"lpLL35jElP","price":1000000,"images":"//////media/upload_0085864b762477a25a3fb31bd66df2ed.png","count":1,"name":"Balo Solo 15.6\" Code- UBN740 M Grey/Black","storeId":"rGCumjwmzZ","color":"gray","status":"AVAILABLE"}},"deliveryInfo":{"name":"nghia depo trai","phone":"0988315475","address":"123 Phạm văn chiêu"},"storeIds":["rGCumjwmzZ"],"amount":1000000,"_p_user":"_User$rp4pbuwgvY","status":"COMPLETED","_created_at":{"$date":"2019-08-03T10:12:27.474Z"},"_updated_at":{"$date":"2019-08-11T04:24:08.287Z"}}
{"_id":"Nz3ZHxwv7U","items":{"lpLL35jElP":{"objectId":"lpLL35jElP","price":1000000,"images":"//////media/upload_0085864b762477a25a3fb31bd66df2ed.png","count":1,"name":"Balo Solo 15.6\" Code- UBN740 M Grey/Black","storeId":"rGCumjwmzZ","color":"gray"}},"deliveryInfo":{"name":"nghia","phone":"0989878765","address":"123 Phạm văn chiêu"},"storeIds":["rGCumjwmzZ"],"amount":1000000,"_p_user":"_User$rp4pbuwgvY","status":"NEW","_created_at":{"$date":"2019-08-04T05:48:41.31Z"},"_updated_at":{"$date":"2019-08-04T05:48:41.31Z"}}
{"_id":"OOpLLhin18","items":{"lpLL35jElP":{"objectId":"lpLL35jElP","price":1000000,"images":"//////media/upload_0085864b762477a25a3fb31bd66df2ed.png","count":1,"name":"Balo Solo 15.6\" Code- UBN740 M Grey/Black","storeId":"rGCumjwmzZ","color":"gray"}},"deliveryInfo":{"name":"nghia","phone":"0988315475","address":"123 Phạm văn chiêu"},"storeIds":["rGCumjwmzZ"],"amount":1000000,"_p_user":"_User$rp4pbuwgvY","status":"NEW","_created_at":{"$date":"2019-08-04T06:20:16.489Z"},"_updated_at":{"$date":"2019-08-04T06:20:16.489Z"}}
{"_id":"OzMlPf93cn","items":{"lpLL35jElP":{"objectId":"lpLL35jElP","price":1000000,"images":"//////media/upload_0085864b762477a25a3fb31bd66df2ed.png","count":1,"name":"Balo Solo 15.6\" Code- UBN740 M Grey/Black","storeId":"rGCumjwmzZ","color":"gray"}},"deliveryInfo":{"name":"nghia","phone":"0989868969","address":"123 Phạm văn chiêu"},"storeIds":["rGCumjwmzZ"],"amount":1000000,"_p_user":"_User$rp4pbuwgvY","status":"NEW","_created_at":{"$date":"2019-08-03T11:14:06.68Z"},"_updated_at":{"$date":"2019-08-03T11:14:06.68Z"}}
{"_id":"PnL0jnlBUa","items":{"lpLL35jElP":{"objectId":"lpLL35jElP","price":1000000,"images":"//////media/upload_0085864b762477a25a3fb31bd66df2ed.png","count":1,"name":"Balo Solo 15.6\" Code- UBN740 M Grey/Black","storeId":"rGCumjwmzZ","color":"gray"}},"deliveryInfo":{"name":"nghia","phone":"09878909876","address":"123 Phạm văn chiêu"},"storeIds":["rGCumjwmzZ"],"amount":1000000,"_p_user":"_User$rp4pbuwgvY","status":"NEW","_created_at":{"$date":"2019-08-03T11:22:44.879Z"},"_updated_at":{"$date":"2019-08-03T11:22:44.879Z"}}
{"_id":"Q52YhWaDmF","items":{"lpLL35jElP":{"objectId":"lpLL35jElP","price":1000000,"images":"//////media/upload_0085864b762477a25a3fb31bd66df2ed.png","count":1,"name":"Balo Solo 15.6\" Code- UBN740 M Grey/Black","storeId":"rGCumjwmzZ","color":"gray"}},"deliveryInfo":{"name":"nghia","phone":"0932134567","address":"123 Phạm văn chiêu"},"storeIds":["rGCumjwmzZ"],"amount":1000000,"_p_user":"_User$rp4pbuwgvY","status":"NEW","_created_at":{"$date":"2019-08-03T11:45:06.284Z"},"_updated_at":{"$date":"2019-08-03T11:45:06.284Z"}}
{"_id":"QbtDZ6sOnE","items":{"lpLL35jElP":{"objectId":"lpLL35jElP","price":1000000,"images":"//////media/upload_0085864b762477a25a3fb31bd66df2ed.png","count":1,"name":"Balo Solo 15.6\" Code- UBN740 M Grey/Black","storeId":"rGCumjwmzZ","color":"gray"}},"deliveryInfo":{"name":"nghia","phone":"0988315475","address":"123 Phạm văn chiêu"},"storeIds":["rGCumjwmzZ"],"amount":1000000,"_p_user":"_User$rp4pbuwgvY","status":"NEW","_created_at":{"$date":"2019-08-04T03:34:56.574Z"},"_updated_at":{"$date":"2019-08-04T03:34:56.574Z"}}
{"_id":"QjLsK6t4rG","items":{"lpLL35jElP":{"objectId":"lpLL35jElP","price":1000000,"images":"//////media/upload_0085864b762477a25a3fb31bd66df2ed.png","count":1,"name":"Balo Solo 15.6\" Code- UBN740 M Grey/Black","storeId":"rGCumjwmzZ","color":"gray"}},"deliveryInfo":{"name":"nghia","phone":"0987898768","address":"123 Phạm văn chiêu"},"storeIds":["rGCumjwmzZ"],"amount":1000000,"_p_user":"_User$rp4pbuwgvY","status":"NEW","_created_at":{"$date":"2019-08-03T11:30:56.182Z"},"_updated_at":{"$date":"2019-08-03T11:30:56.182Z"}}
{"_id":"R9zeMQltPO","items":{"lpLL35jElP":{"objectId":"lpLL35jElP","price":1000000,"images":"//////media/upload_0085864b762477a25a3fb31bd66df2ed.png","count":1,"name":"Balo Solo 15.6\" Code- UBN740 M Grey/Black","storeId":"rGCumjwmzZ","color":"gray"}},"deliveryInfo":{"name":"nghia hoa","phone":"0988315475","address":"123 Phạm văn chiêu"},"storeIds":["rGCumjwmzZ"],"amount":1000000,"_p_user":"_User$rp4pbuwgvY","status":"NEW","_created_at":{"$date":"2019-08-03T11:05:39.24Z"},"_updated_at":{"$date":"2019-08-03T11:05:39.24Z"}}
{"_id":"RFU45kBJ8W","items":{"lpLL35jElP":{"objectId":"lpLL35jElP","price":1000000,"images":"//////media/upload_0085864b762477a25a3fb31bd66df2ed.png","count":1,"name":"Balo Solo 15.6\" Code- UBN740 M Grey/Black","storeId":"rGCumjwmzZ","color":"gray"}},"deliveryInfo":{"name":"nghia","phone":"0989878765","address":"123 Phạm văn chiêu"},"storeIds":["rGCumjwmzZ"],"amount":1000000,"_p_user":"_User$rp4pbuwgvY","status":"NEW","_created_at":{"$date":"2019-08-04T05:33:16.453Z"},"_updated_at":{"$date":"2019-08-04T05:33:16.453Z"}}
{"_id":"RGEXLGxZnR","items":{"lpLL35jElP":{"objectId":"lpLL35jElP","price":1000000,"images":"//////media/upload_0085864b762477a25a3fb31bd66df2ed.png","count":1,"name":"Balo Solo 15.6\" Code- UBN740 M Grey/Black","storeId":"rGCumjwmzZ","color":"gray"}},"deliveryInfo":{"name":"nghia hoa","phone":"0988315475","address":"123 Phạm văn chiêu"},"storeIds":["rGCumjwmzZ"],"amount":1000000,"_p_user":"_User$rp4pbuwgvY","status":"NEW","_created_at":{"$date":"2019-08-03T11:00:58.189Z"},"_updated_at":{"$date":"2019-08-03T11:00:58.189Z"}}
{"_id":"ROFrmGyzf6","items":{"lpLL35jElP":{"objectId":"lpLL35jElP","price":1000000,"images":"//////media/upload_0085864b762477a25a3fb31bd66df2ed.png","count":2,"name":"Balo Solo 15.6\" Code- UBN740 M Grey/Black","storeId":"rGCumjwmzZ","color":"gray"}},"deliveryInfo":{"name":"nghia","phone":"0988315475","address":"123 Phạm văn chiêu"},"storeIds":["rGCumjwmzZ"],"amount":2000000,"_p_user":"_User$rp4pbuwgvY","status":"NEW","_created_at":{"$date":"2019-08-03T12:16:23.029Z"},"_updated_at":{"$date":"2019-08-03T12:16:23.029Z"}}
{"_id":"ROyjt2HAXm","items":{"lpLL35jElP":{"objectId":"lpLL35jElP","price":1000000,"images":"//////media/upload_0085864b762477a25a3fb31bd66df2ed.png","count":1,"name":"Balo Solo 15.6\" Code- UBN740 M Grey/Black","storeId":"rGCumjwmzZ","color":"gray"}},"deliveryInfo":{"name":"nghia","phone":"0989878765","address":"123 Phạm văn chiêu"},"storeIds":["rGCumjwmzZ"],"amount":1000000,"_p_user":"_User$rp4pbuwgvY","status":"NEW","_created_at":{"$date":"2019-08-04T05:49:23.548Z"},"_updated_at":{"$date":"2019-08-04T05:49:23.548Z"}}
{"_id":"SiiTWb8O2B","items":{"MEcaSYwGb6":{"objectId":"MEcaSYwGb6","price":2000000,"images":"media/upload_644c0f0442a10cfb96e2601b0f1bc8c0.png","count":1,"name":"Balo Solo 15.6\" Code- UBN740 M Grey","storeId":"rGCumjwmzZ\n                 data-type=available","size":"S","color":"gray"},"73sVaCRatO":{"objectId":"73sVaCRatO","price":2000000,"images":"media/upload_c1af66dad139b914487c79d4eb5bf11f.png","count":1,"name":"Balo Solo 15.6\" Code- UBN740 M Black","storeId":"rGCumjwmzZ\n                 data-type=available","size":"S","color":"black"}},"deliveryInfo":{"name":"Duc","phone":"0344727252","address":"95 đường 59"},"storeIds":["rGCumjwmzZ\n                 data-type=available"],"amount":4000000,"_p_user":"_User$VSBDT9eqrl","status":"NEW","_created_at":{"$date":"2019-08-03T12:29:52.56Z"},"_updated_at":{"$date":"2019-08-03T12:29:52.56Z"}}
{"_id":"UduJ2OG0tH","items":{"lpLL35jElP":{"objectId":"lpLL35jElP","price":1000000,"images":"//////media/upload_0085864b762477a25a3fb31bd66df2ed.png","count":1,"name":"Balo Solo 15.6\" Code- UBN740 M Grey/Black","storeId":"rGCumjwmzZ","color":"gray"}},"deliveryInfo":{"name":"nghia hoa","phone":"0988315475","address":"123 Phạm văn chiêu"},"storeIds":["rGCumjwmzZ"],"amount":1000000,"_p_user":"_User$rp4pbuwgvY","status":"NEW","_created_at":{"$date":"2019-08-03T10:52:17.289Z"},"_updated_at":{"$date":"2019-08-03T10:52:17.289Z"}}
{"_id":"UsLHA3eyKs","items":{"0vgPrsXqZF":{"objectId":"0vgPrsXqZF","price":40,"images":"img/product/hm3-pro-3.jpg","count":1,"name":"T- Shirt And Jeans","storeId":"rGCumjwmzZ","status":"AVAILABLE"},"8NsGnA2Dva":{"objectId":"8NsGnA2Dva","price":120,"images":"img/product/hm3-pro-10.jpg","count":1,"name":"T- Shirt And Jeans","storeId":"rGCumjwmzZ","status":"AVAILABLE"}},"deliveryInfo":{"name":"lut","phone":"0987654321","address":"77"},"storeIds":["rGCumjwmzZ"],"amount":160,"_p_user":"_User$VSBDT9eqrl","status":"COMPLETED","_created_at":{"$date":"2019-04-21T13:48:17.421Z"},"_updated_at":{"$date":"2019-08-07T07:38:41.762Z"}}
{"_id":"VMQZH3xclq","items":{"0vgPrsXqZF":{"objectId":"0vgPrsXqZF","price":40,"images":"img/product/hm3-pro-3.jpg","count":2,"name":"T- Shirt And Jeans"}},"deliveryInfo":{"name":"Tran Le Viet Duc","phone":"0344727252","address":"95 đường 59"},"amount":80,"_p_user":"_User$6IBgc750JF","status":"NEW","_created_at":{"$date":"2019-04-16T11:58:37.199Z"},"_updated_at":{"$date":"2019-04-16T11:58:37.199Z"}}
{"_id":"VaSXPjnN91","items":{"lpLL35jElP":{"objectId":"lpLL35jElP","price":1000000,"images":"//////media/upload_0085864b762477a25a3fb31bd66df2ed.png","count":1,"name":"Balo Solo 15.6\" Code- UBN740 M Grey/Black","storeId":"rGCumjwmzZ","color":"gray"}},"deliveryInfo":{"name":"nghia","phone":"0988315475","address":"123 Phạm văn chiêu"},"storeIds":["rGCumjwmzZ"],"amount":1000000,"_p_user":"_User$rp4pbuwgvY","status":"NEW","_created_at":{"$date":"2019-08-03T11:57:15.008Z"},"_updated_at":{"$date":"2019-08-03T11:57:15.008Z"}}
{"_id":"XiEWBx7L3q","items":{"lpLL35jElP":{"objectId":"lpLL35jElP","price":1000000,"images":"//////media/upload_0085864b762477a25a3fb31bd66df2ed.png","count":1,"name":"Balo Solo 15.6\" Code- UBN740 M Grey/Black","storeId":"rGCumjwmzZ","color":"gray"}},"deliveryInfo":{"name":"nghia","phone":"0987898765","address":"123 Phạm văn chiêu"},"storeIds":["rGCumjwmzZ"],"amount":1000000,"_p_user":"_User$rp4pbuwgvY","status":"NEW","_created_at":{"$date":"2019-08-03T11:27:36.54Z"},"_updated_at":{"$date":"2019-08-03T11:27:36.54Z"}}
{"_id":"Zr3XDu8yQe","items":{"lpLL35jElP":{"objectId":"lpLL35jElP","price":1000000,"images":"//////media/upload_0085864b762477a25a3fb31bd66df2ed.png","count":1,"name":"Balo Solo 15.6\" Code- UBN740 M Grey/Black","storeId":"rGCumjwmzZ","color":"gray"}},"deliveryInfo":{"name":"nghia","phone":"0989878765","address":"123 Phạm văn chiêu"},"storeIds":["rGCumjwmzZ"],"amount":1000000,"_p_user":"_User$rp4pbuwgvY","status":"NEW","_created_at":{"$date":"2019-08-04T05:33:45.307Z"},"_updated_at":{"$date":"2019-08-04T05:33:45.307Z"}}
{"_id":"Zyl2Ae9BdE","items":{"lpLL35jElP":{"objectId":"lpLL35jElP","price":1000000,"images":"//////media/upload_0085864b762477a25a3fb31bd66df2ed.png","count":1,"name":"Balo Solo 15.6\" Code- UBN740 M Grey/Black","storeId":"rGCumjwmzZ","color":"gray"}},"deliveryInfo":{"name":"nghia","phone":"0988315475","address":"123 Phạm văn chiêu"},"storeIds":["rGCumjwmzZ"],"amount":1000000,"_p_user":"_User$rp4pbuwgvY","status":"NEW","_created_at":{"$date":"2019-08-03T11:59:57.763Z"},"_updated_at":{"$date":"2019-08-03T11:59:57.763Z"}}
{"_id":"bojMtqH5Qq","items":{"lpLL35jElP":{"objectId":"lpLL35jElP","price":1000000,"images":"//////media/upload_0085864b762477a25a3fb31bd66df2ed.png","count":1,"name":"Balo Solo 15.6\" Code- UBN740 M Grey/Black","storeId":"rGCumjwmzZ","color":"gray"}},"deliveryInfo":{"name":"nghia","phone":"0988315475","address":"123 Phạm văn chiêu"},"storeIds":["rGCumjwmzZ"],"amount":1000000,"_p_user":"_User$rp4pbuwgvY","status":"NEW","_created_at":{"$date":"2019-08-04T07:25:50.407Z"},"_updated_at":{"$date":"2019-08-04T07:25:50.407Z"}}
{"_id":"bsuoi4LOXv","items":{"lpLL35jElP":{"objectId":"lpLL35jElP","price":1000000,"images":"//////media/upload_0085864b762477a25a3fb31bd66df2ed.png","count":1,"name":"Balo Solo 15.6\" Code- UBN740 M Grey/Black","storeId":"rGCumjwmzZ","color":"gray"}},"deliveryInfo":{"name":"nghia hoa","phone":"0988315475","address":"123 Phạm văn chiêu"},"storeIds":["rGCumjwmzZ"],"amount":1000000,"_p_user":"_User$rp4pbuwgvY","status":"NEW","_created_at":{"$date":"2019-08-03T10:50:43.155Z"},"_updated_at":{"$date":"2019-08-03T10:50:43.155Z"}}
{"_id":"by52i2Y3U4","items":{"lpLL35jElP":{"objectId":"lpLL35jElP","price":1000000,"images":"//////media/upload_0085864b762477a25a3fb31bd66df2ed.png","count":1,"name":"Balo Solo 15.6\" Code- UBN740 M Grey/Black","storeId":"rGCumjwmzZ","color":"gray"}},"deliveryInfo":{"name":"ducnghai","phone":"0967899764567","address":"123 Phạm văn chiêu"},"storeIds":["rGCumjwmzZ"],"amount":1000000,"_p_user":"_User$rp4pbuwgvY","status":"NEW","_created_at":{"$date":"2019-08-03T10:18:51.296Z"},"_updated_at":{"$date":"2019-08-03T10:18:51.296Z"}}
{"_id":"cEbzklqY6A","items":{"2LInjudg4c":{"objectId":"2LInjudg4c","price":200,"images":"img/product/hm3-pro-9.jpg","count":2,"name":"T- Shirt And Jeans","storeId":"rGCumjwmzZ","status":"AVAILABLE"},"ebYkGuNzFA":{"objectId":"ebYkGuNzFA","price":100,"images":"img/product/hm3-pro-5.jpg","count":1,"name":"T- Shirt And Jeans","storeId":"rGCumjwmzZ","status":"AVAILABLE"},"geehQBeBct":{"objectId":"geehQBeBct","price":21000,"images":"media\\upload_06b7170022510608035202b8fffa21cd.png","count":1,"name":"nón che mưa","storeId":"rGCumjwmzZ","size":"XL","color":"gray","status":"AVAILABLE"}},"deliveryInfo":{"name":"nghia","phone":"0987654765","address":"4444"},"storeIds":["rGCumjwmzZ"],"amount":21500,"_p_user":"_User$VSBDT9eqrl","status":"COMPLETED","_created_at":{"$date":"2019-04-21T13:46:27.539Z"},"_updated_at":{"$date":"2019-04-25T15:02:49.44Z"}}
{"_id":"ch0UVfog9E","items":{"hBSjgJkWZP":{"objectId":"hBSjgJkWZP","price":1300000,"images":"media/upload_fbee887e09c95e7ec55ca159828168e5.png","count":1,"name":"Lowepro Flipside Trek BP 250 AW M Grey/Dark Green","storeId":"ESUKCG7wOw","size":"S","color":"gray","type":"available"},"Uen4keFSey":{"objectId":"Uen4keFSey","price":1200000,"images":"media/upload_df87a25fb77b2d15658a8b796a94578c.png","count":1,"name":"Seliux F12 Lockheed Backpack M Red","storeId":"ESUKCG7wOw","size":"S","color":"maroon","type":"available"}},"deliveryInfo":{"name":"duc test","phone":"01644727222","address":"95 đường 59"},"storeIds":["ESUKCG7wOw"],"amount":2500000,"_p_user":"_User$VSBDT9eqrl","status":"NEW","_created_at":{"$date":"2019-08-03T13:11:19.854Z"},"_updated_at":{"$date":"2019-08-03T13:11:19.854Z"}}
{"_id":"d3ncnAbGNC","items":{"lpLL35jElP":{"objectId":"lpLL35jElP","price":1000000,"images":"//////media/upload_0085864b762477a25a3fb31bd66df2ed.png","count":1,"name":"Balo Solo 15.6\" Code- UBN740 M Grey/Black","storeId":"rGCumjwmzZ","color":"gray"}},"deliveryInfo":{"name":"nghia depo trai","phone":"0988315475","address":"123 Phạm văn chiêu"},"storeIds":["rGCumjwmzZ"],"amount":1000000,"_p_user":"_User$rp4pbuwgvY","status":"NEW","_created_at":{"$date":"2019-08-03T10:17:25.025Z"},"_updated_at":{"$date":"2019-08-03T10:17:25.025Z"}}
{"_id":"eA8LT5qEe9","items":{"hlhtAfyMao":{"objectId":"hlhtAfyMao","price":30,"images":"media\\upload_e7dddcfb2b4a9a9301ff5e6a5350f9e9.jpeg","count":1,"name":"áo đấu","storeId":"rGCumjwmzZ","color":"gray"}},"deliveryInfo":{"name":"nghia","phone":"0988767868","address":"123 Phạm văn chiêu"},"storeIds":["rGCumjwmzZ"],"amount":30,"_p_user":"_User$rp4pbuwgvY","status":"NEW","_created_at":{"$date":"2019-08-03T11:11:00.485Z"},"_updated_at":{"$date":"2019-08-03T11:11:00.485Z"}}
{"_id":"eCTRDhvODh","items":{"lpLL35jElP":{"objectId":"lpLL35jElP","price":1000000,"images":"//////media/upload_0085864b762477a25a3fb31bd66df2ed.png","count":1,"name":"Balo Solo 15.6\" Code- UBN740 M Grey/Black","storeId":"rGCumjwmzZ","color":"gray"}},"deliveryInfo":{"name":"nghia hoa","phone":"0988315475","address":"123 Phạm văn chiêu"},"storeIds":["rGCumjwmzZ"],"amount":1000000,"_p_user":"_User$rp4pbuwgvY","status":"NEW","_created_at":{"$date":"2019-08-03T11:07:21.821Z"},"_updated_at":{"$date":"2019-08-03T11:07:21.821Z"}}
{"_id":"eHUHvAJLGu","items":{"lpLL35jElP":{"objectId":"lpLL35jElP","price":1000000,"images":"//////media/upload_0085864b762477a25a3fb31bd66df2ed.png","count":1,"name":"Balo Solo 15.6\" Code- UBN740 M Grey/Black","storeId":"rGCumjwmzZ","color":"gray","status":"AVAILABLE"}},"deliveryInfo":{"name":"nghia","phone":"0988479995","address":"123 Phạm văn chiêu"},"storeIds":["rGCumjwmzZ"],"amount":1000000,"_p_user":"_User$rp4pbuwgvY","status":"COMPLETED","_created_at":{"$date":"2019-08-03T09:18:22.217Z"},"_updated_at":{"$date":"2019-08-11T03:39:20.896Z"}}
{"_id":"fGfQmv1bs7","items":{"lpLL35jElP":{"objectId":"lpLL35jElP","price":1000000,"images":"//////media/upload_0085864b762477a25a3fb31bd66df2ed.png","count":2,"name":"Balo Solo 15.6\" Code- UBN740 M Grey/Black","storeId":"rGCumjwmzZ","color":"gray"},"hlhtAfyMao":{"objectId":"hlhtAfyMao","price":30,"images":"media\\upload_e7dddcfb2b4a9a9301ff5e6a5350f9e9.jpeg","count":3,"name":"áo đấu","storeId":"rGCumjwmzZ","color":"gray"},"8wW1o5gZJJ":{"objectId":"8wW1o5gZJJ","price":2222222,"images":"media\\upload_044f6d22e842c7489837d257af0e7c4e.jpeg","count":2,"name":"one chưởng","storeId":"rGCumjwmzZ","color":"yellow"}},"deliveryInfo":{"name":"nghia ","phone":"0988315475","address":"123 Phạm văn chiêu"},"storeIds":["rGCumjwmzZ"],"amount":6444534,"_p_user":"_User$rp4pbuwgvY","status":"NEW","_created_at":{"$date":"2019-08-04T04:54:56.815Z"},"_updated_at":{"$date":"2019-08-04T04:54:56.815Z"}}
{"_id":"fS6BJUn6tq","items":{"lpLL35jElP":{"objectId":"lpLL35jElP","price":1000000,"images":"//////media/upload_0085864b762477a25a3fb31bd66df2ed.png","count":2,"name":"Balo Solo 15.6\" Code- UBN740 M Grey/Black","storeId":"rGCumjwmzZ","color":"gray"}},"deliveryInfo":{"name":"nghia dep trai thoi","phone":"0988315475","address":"123 Phạm văn chiêu"},"storeIds":["rGCumjwmzZ"],"amount":2000000,"_p_user":"_User$rp4pbuwgvY","status":"NEW","_created_at":{"$date":"2019-08-04T04:32:30.19Z"},"_updated_at":{"$date":"2019-08-04T04:32:30.19Z"}}
{"_id":"fVaAwYivb0","items":{"lpLL35jElP":{"objectId":"lpLL35jElP","price":1000000,"images":"//////media/upload_0085864b762477a25a3fb31bd66df2ed.png","count":1,"name":"Balo Solo 15.6\" Code- UBN740 M Grey/Black","storeId":"rGCumjwmzZ","color":"gray"}},"deliveryInfo":{"name":"nghia day","phone":"0988315475","address":"123 Phạm văn chiêu"},"storeIds":["rGCumjwmzZ"],"amount":1000000,"_p_user":"_User$rp4pbuwgvY","status":"NEW","_created_at":{"$date":"2019-08-03T10:33:06.784Z"},"_updated_at":{"$date":"2019-08-03T10:33:06.784Z"}}
{"_id":"gP8SoIclpH","items":{"lpLL35jElP":{"objectId":"lpLL35jElP","price":1000000,"images":"//////media/upload_0085864b762477a25a3fb31bd66df2ed.png","count":1,"name":"Balo Solo 15.6\" Code- UBN740 M Grey/Black","storeId":"rGCumjwmzZ","color":"gray"}},"deliveryInfo":{"name":"nghia day","phone":"0988315475","address":"123 Phạm văn chiêu"},"storeIds":["rGCumjwmzZ"],"amount":1000000,"_p_user":"_User$rp4pbuwgvY","status":"NEW","_created_at":{"$date":"2019-08-03T10:32:13.688Z"},"_updated_at":{"$date":"2019-08-03T10:32:13.688Z"}}
{"_id":"gdvBOcf1RV","items":{"lpLL35jElP":{"objectId":"lpLL35jElP","price":1000000,"images":"//////media/upload_0085864b762477a25a3fb31bd66df2ed.png","count":1,"name":"Balo Solo 15.6\" Code- UBN740 M Grey/Black","storeId":"rGCumjwmzZ","color":"gray"}},"deliveryInfo":{"name":"nghia depo trai","phone":"0988315475","address":"123 Phạm văn chiêu"},"storeIds":["rGCumjwmzZ"],"amount":1000000,"_p_user":"_User$rp4pbuwgvY","status":"NEW","_created_at":{"$date":"2019-08-03T10:18:23.475Z"},"_updated_at":{"$date":"2019-08-03T10:18:23.475Z"}}
{"_id":"goza6T4si2","items":{"lpLL35jElP":{"objectId":"lpLL35jElP","price":1000000,"images":"//////media/upload_0085864b762477a25a3fb31bd66df2ed.png","count":1,"name":"Balo Solo 15.6\" Code- UBN740 M Grey/Black","storeId":"rGCumjwmzZ","color":"gray"}},"deliveryInfo":{"name":"nghia hoa","phone":"0988315475","address":"123 Phạm văn chiêu"},"storeIds":["rGCumjwmzZ"],"amount":1000000,"_p_user":"_User$rp4pbuwgvY","status":"NEW","_created_at":{"$date":"2019-08-03T10:43:37.394Z"},"_updated_at":{"$date":"2019-08-03T10:43:37.394Z"}}
{"_id":"h338uE603H","items":{"lpLL35jElP":{"objectId":"lpLL35jElP","price":1000000,"images":"//////media/upload_0085864b762477a25a3fb31bd66df2ed.png","count":1,"name":"Balo Solo 15.6\" Code- UBN740 M Grey/Black","storeId":"rGCumjwmzZ","color":"gray"}},"deliveryInfo":{"name":"nghia hoa","phone":"0988315475","address":"123 Phạm văn chiêu"},"storeIds":["rGCumjwmzZ"],"amount":1000000,"_p_user":"_User$rp4pbuwgvY","status":"NEW","_created_at":{"$date":"2019-08-03T10:42:31.536Z"},"_updated_at":{"$date":"2019-08-03T10:42:31.536Z"}}
{"_id":"hqMmm5izyG","items":{"lpLL35jElP":{"objectId":"lpLL35jElP","price":1000000,"images":"//////media/upload_0085864b762477a25a3fb31bd66df2ed.png","count":1,"name":"Balo Solo 15.6\" Code- UBN740 M Grey/Black","storeId":"rGCumjwmzZ","color":"gray"}},"deliveryInfo":{"name":"nghia","phone":"0988315475","address":"123 Phạm văn chiêu"},"storeIds":["rGCumjwmzZ"],"amount":1000000,"_p_user":"_User$rp4pbuwgvY","status":"NEW","_created_at":{"$date":"2019-08-04T03:48:52.35Z"},"_updated_at":{"$date":"2019-08-04T03:48:52.35Z"}}
{"_id":"hsW9eYvf08","items":{"lpLL35jElP":{"objectId":"lpLL35jElP","price":1000000,"images":"//////media/upload_0085864b762477a25a3fb31bd66df2ed.png","count":1,"name":"Balo Solo 15.6\" Code- UBN740 M Grey/Black","storeId":"rGCumjwmzZ","color":"gray"}},"deliveryInfo":{"name":"nghia","phone":"0989878765","address":"123 Phạm văn chiêu"},"storeIds":["rGCumjwmzZ"],"amount":1000000,"_p_user":"_User$rp4pbuwgvY","status":"NEW","_created_at":{"$date":"2019-08-04T05:35:59.708Z"},"_updated_at":{"$date":"2019-08-04T05:35:59.708Z"}}
{"_id":"lAAeyXzPUO","items":{"lpLL35jElP":{"objectId":"lpLL35jElP","price":1000000,"images":"//////media/upload_0085864b762477a25a3fb31bd66df2ed.png","count":1,"name":"Balo Solo 15.6\" Code- UBN740 M Grey/Black","storeId":"rGCumjwmzZ","color":"gray"}},"deliveryInfo":{"name":"nghia","phone":"0988315475","address":"123 Phạm văn chiêu"},"storeIds":["rGCumjwmzZ"],"amount":1000000,"_p_user":"_User$rp4pbuwgvY","status":"NEW","_created_at":{"$date":"2019-08-04T04:06:43.264Z"},"_updated_at":{"$date":"2019-08-04T04:06:43.264Z"}}
{"_id":"mdkmsqfLTW","items":{"lpLL35jElP":{"objectId":"lpLL35jElP","price":1000000,"images":"//////media/upload_0085864b762477a25a3fb31bd66df2ed.png","count":1,"name":"Balo Solo 15.6\" Code- UBN740 M Grey/Black","storeId":"rGCumjwmzZ","color":"gray"}},"deliveryInfo":{"name":"nghia","phone":"09883157475","address":"123 Phạm văn chiêu"},"storeIds":["rGCumjwmzZ"],"amount":1000000,"_p_user":"_User$rp4pbuwgvY","status":"NEW","_created_at":{"$date":"2019-08-04T07:20:23.954Z"},"_updated_at":{"$date":"2019-08-04T07:20:23.954Z"}}
{"_id":"n6ngDLU09J","items":{"IqYbMHLjrA":{"objectId":"IqYbMHLjrA","price":470,"images":"media\\upload_8a36bf53a19d4efeabf5fa0eee0cf2ab.jpeg","count":1,"name":"Dép Đế Bệt Quai Trong Suốt - DXP 0134 - Màu Hồng","storeId":"rGCumjwmzZ","size":"36","color":"green","status":"AVAILABLE"},"EwdMki3GnJ":{"objectId":"EwdMki3GnJ","price":19000,"images":"media\\upload_e74493be1a565d09334dc4a245f11caa.jpeg","count":1,"name":"khô gà lá chanh","storeId":"rGCumjwmzZ","size":"S","color":"green"}},"deliveryInfo":{"name":"Hoa ","phone":"03886688096","address":"254"},"storeIds":["rGCumjwmzZ"],"amount":19470,"_p_user":"_User$rGCumjwmzZ","status":"NEW","_created_at":{"$date":"2019-04-24T14:18:26.006Z"},"_updated_at":{"$date":"2019-08-11T03:51:55.433Z"}}
{"_id":"nXFKHTiwnX","items":{"lpLL35jElP":{"objectId":"lpLL35jElP","price":1000000,"images":"//////media/upload_0085864b762477a25a3fb31bd66df2ed.png","count":1,"name":"Balo Solo 15.6\" Code- UBN740 M Grey/Black","storeId":"rGCumjwmzZ","color":"gray","status":"AVAILABLE"}},"deliveryInfo":{"name":"nghia","phone":"0988479995","address":"123 Phạm văn chiêu"},"storeIds":["rGCumjwmzZ"],"amount":1000000,"_p_user":"_User$rp4pbuwgvY","status":"COMPLETED","_created_at":{"$date":"2019-08-03T09:19:31.256Z"},"_updated_at":{"$date":"2019-08-07T08:11:12.91Z"}}
{"_id":"o6Dr9qBvRo","items":{"lpLL35jElP":{"objectId":"lpLL35jElP","price":1000000,"images":"//////media/upload_0085864b762477a25a3fb31bd66df2ed.png","count":1,"name":"Balo Solo 15.6\" Code- UBN740 M Grey/Black","storeId":"rGCumjwmzZ","color":"gray"}},"deliveryInfo":{"name":"nghia hoa","phone":"0988315475","address":"123 Phạm văn chiêu"},"storeIds":["rGCumjwmzZ"],"amount":1000000,"_p_user":"_User$rp4pbuwgvY","status":"NEW","_created_at":{"$date":"2019-08-03T11:04:39.375Z"},"_updated_at":{"$date":"2019-08-03T11:04:39.375Z"}}
{"_id":"oPAUb0uy44","items":{"lpLL35jElP":{"objectId":"lpLL35jElP","price":1000000,"images":"//////media/upload_0085864b762477a25a3fb31bd66df2ed.png","count":1,"name":"Balo Solo 15.6\" Code- UBN740 M Grey/Black","storeId":"rGCumjwmzZ","color":"gray"}},"deliveryInfo":{"name":"nghia","phone":"0988315475","address":"123 Phạm văn chiêu"},"storeIds":["rGCumjwmzZ"],"amount":1000000,"_p_user":"_User$rp4pbuwgvY","status":"NEW","_created_at":{"$date":"2019-08-04T04:08:32.43Z"},"_updated_at":{"$date":"2019-08-04T04:08:32.43Z"}}
{"_id":"p1VwLJ7ON6","items":{"lpLL35jElP":{"objectId":"lpLL35jElP","price":1000000,"images":"//////media/upload_0085864b762477a25a3fb31bd66df2ed.png","count":1,"name":"Balo Solo 15.6\" Code- UBN740 M Grey/Black","storeId":"rGCumjwmzZ","color":"gray"}},"deliveryInfo":{"name":"nghia dep trai","phone":"0988315475","address":"123 Phạm văn chiêu"},"storeIds":["rGCumjwmzZ"],"amount":1000000,"_p_user":"_User$rp4pbuwgvY","status":"NEW","_created_at":{"$date":"2019-08-04T07:16:54.341Z"},"_updated_at":{"$date":"2019-08-04T07:16:54.341Z"}}
{"_id":"r9sk3RCjbx","items":{"lpLL35jElP":{"objectId":"lpLL35jElP","price":1000000,"images":"//////media/upload_0085864b762477a25a3fb31bd66df2ed.png","count":2,"name":"Balo Solo 15.6\" Code- UBN740 M Grey/Black","storeId":"rGCumjwmzZ","color":"gray"}},"deliveryInfo":{"name":"nghia","phone":"0988315475","address":"123 Phạm văn chiêu"},"storeIds":["rGCumjwmzZ"],"amount":2000000,"_p_user":"_User$rp4pbuwgvY","status":"NEW","_created_at":{"$date":"2019-08-03T12:04:56.624Z"},"_updated_at":{"$date":"2019-08-03T12:04:56.624Z"}}
{"_id":"re0alTyhAE","items":{"lpLL35jElP":{"objectId":"lpLL35jElP","price":1000000,"images":"//////media/upload_0085864b762477a25a3fb31bd66df2ed.png","count":1,"name":"Balo Solo 15.6\" Code- UBN740 M Grey/Black","storeId":"rGCumjwmzZ","color":"gray"}},"deliveryInfo":{"name":"nghia day","phone":"0988315475","address":"123 Phạm văn chiêu"},"storeIds":["rGCumjwmzZ"],"amount":1000000,"_p_user":"_User$rp4pbuwgvY","status":"NEW","_created_at":{"$date":"2019-08-03T10:29:03.546Z"},"_updated_at":{"$date":"2019-08-03T10:29:03.546Z"}}
{"_id":"rjBCvVzsyS","items":{"lpLL35jElP":{"objectId":"lpLL35jElP","price":1000000,"images":"//////media/upload_0085864b762477a25a3fb31bd66df2ed.png","count":1,"name":"Balo Solo 15.6\" Code- UBN740 M Grey/Black","storeId":"rGCumjwmzZ","color":"gray"}},"deliveryInfo":{"name":"nghia","phone":"0989098767","address":"123 Phạm văn chiêu"},"storeIds":["rGCumjwmzZ"],"amount":1000000,"_p_user":"_User$rp4pbuwgvY","status":"NEW","_created_at":{"$date":"2019-08-03T11:33:25.571Z"},"_updated_at":{"$date":"2019-08-03T11:33:25.571Z"}}
{"_id":"tGksiojfBe","items":{"lpLL35jElP":{"objectId":"lpLL35jElP","price":1000000,"images":"//////media/upload_0085864b762477a25a3fb31bd66df2ed.png","count":1,"name":"Balo Solo 15.6\" Code- UBN740 M Grey/Black","storeId":"rGCumjwmzZ","color":"gray"}},"deliveryInfo":{"name":"ducnghai","phone":"0967899764567","address":"123 Phạm văn chiêu"},"storeIds":["rGCumjwmzZ"],"amount":1000000,"_p_user":"_User$rp4pbuwgvY","status":"NEW","_created_at":{"$date":"2019-08-03T10:20:57.439Z"},"_updated_at":{"$date":"2019-08-03T10:20:57.439Z"}}
{"_id":"vij5CsL1uq","items":{"lpLL35jElP":{"objectId":"lpLL35jElP","price":1000000,"images":"//////media/upload_0085864b762477a25a3fb31bd66df2ed.png","count":1,"name":"Balo Solo 15.6\" Code- UBN740 M Grey/Black","storeId":"rGCumjwmzZ","color":"gray"}},"deliveryInfo":{"name":"nghia","phone":"0989878765","address":"123 Phạm văn chiêu"},"storeIds":["rGCumjwmzZ"],"amount":1000000,"_p_user":"_User$rp4pbuwgvY","status":"NEW","_created_at":{"$date":"2019-08-04T05:47:41.446Z"},"_updated_at":{"$date":"2019-08-04T05:47:41.446Z"}}
{"_id":"vk0oaPnTor","items":{"lpLL35jElP":{"objectId":"lpLL35jElP","price":1000000,"images":"//////media/upload_0085864b762477a25a3fb31bd66df2ed.png","count":1,"name":"Balo Solo 15.6\" Code- UBN740 M Grey/Black","storeId":"rGCumjwmzZ","color":"gray"}},"deliveryInfo":{"name":"nghia depo trai","phone":"0988315475","address":"123 Phạm văn chiêu"},"storeIds":["rGCumjwmzZ"],"amount":1000000,"_p_user":"_User$rp4pbuwgvY","status":"NEW","_created_at":{"$date":"2019-08-03T10:10:53.658Z"},"_updated_at":{"$date":"2019-08-03T10:10:53.658Z"}}
{"_id":"wRmeiM26Rg","items":{"lpLL35jElP":{"objectId":"lpLL35jElP","price":1000000,"images":"//////media/upload_0085864b762477a25a3fb31bd66df2ed.png","count":1,"name":"Balo Solo 15.6\" Code- UBN740 M Grey/Black","storeId":"rGCumjwmzZ","color":"gray"}},"deliveryInfo":{"name":"nghia","phone":"0987676576","address":"123 Phạm văn chiêu"},"storeIds":["rGCumjwmzZ"],"amount":1000000,"_p_user":"_User$rp4pbuwgvY","status":"NEW","_created_at":{"$date":"2019-08-03T11:08:54.927Z"},"_updated_at":{"$date":"2019-08-03T11:08:54.927Z"}}
{"_id":"wrAJYoX2OJ","items":{"STyyOE6xxm":{"objectId":"STyyOE6xxm","price":60,"images":"img/product/hm3-pro-1.jpg","count":2,"name":"T- Shirt And Jeans","storeId":"rGCumjwmzZ","size":"S","color":"blue"}},"deliveryInfo":{"name":"nghia đẹp trai","phone":"0988315475","address":"888"},"amount":120,"_p_user":"_User$VSBDT9eqrl","status":"NEW","_created_at":{"$date":"2019-04-21T04:55:33.451Z"},"_updated_at":{"$date":"2019-04-21T04:55:33.451Z"}}
{"_id":"xAsSJljzic","items":{"lpLL35jElP":{"objectId":"lpLL35jElP","price":1000000,"images":"//////media/upload_0085864b762477a25a3fb31bd66df2ed.png","count":1,"name":"Balo Solo 15.6\" Code- UBN740 M Grey/Black","storeId":"rGCumjwmzZ","color":"gray"}},"deliveryInfo":{"name":"nghia depo trai","phone":"0988315475","address":"123 Phạm văn chiêu"},"storeIds":["rGCumjwmzZ"],"amount":1000000,"_p_user":"_User$rp4pbuwgvY","status":"NEW","_created_at":{"$date":"2019-08-03T10:11:55.853Z"},"_updated_at":{"$date":"2019-08-03T10:11:55.853Z"}}
{"_id":"y5HAoOrxSd","items":{"lpLL35jElP":{"objectId":"lpLL35jElP","price":1000000,"images":"//////media/upload_0085864b762477a25a3fb31bd66df2ed.png","count":1,"name":"Balo Solo 15.6\" Code- UBN740 M Grey/Black","storeId":"rGCumjwmzZ","color":"gray"}},"deliveryInfo":{"name":"hoa","phone":"0386688096","address":"123 Phạm văn chiêu"},"storeIds":["rGCumjwmzZ"],"amount":1000000,"_p_user":"_User$rp4pbuwgvY","status":"NEW","_created_at":{"$date":"2019-08-04T05:59:31.75Z"},"_updated_at":{"$date":"2019-08-04T05:59:31.75Z"}}
{"_id":"yLz1MOMrt3","items":{"lpLL35jElP":{"objectId":"lpLL35jElP","price":1000000,"images":"//////media/upload_0085864b762477a25a3fb31bd66df2ed.png","count":1,"name":"Balo Solo 15.6\" Code- UBN740 M Grey/Black","storeId":"rGCumjwmzZ","color":"gray"}},"deliveryInfo":{"name":"nghia hoa","phone":"0988315475","address":"123 Phạm văn chiêu"},"storeIds":["rGCumjwmzZ"],"amount":1000000,"_p_user":"_User$rp4pbuwgvY","status":"NEW","_created_at":{"$date":"2019-08-03T10:49:26.28Z"},"_updated_at":{"$date":"2019-08-03T10:49:26.28Z"}}
{"_id":"z5KwVDjQH8","items":{"lpLL35jElP":{"objectId":"lpLL35jElP","price":1000000,"images":"//////media/upload_0085864b762477a25a3fb31bd66df2ed.png","count":1,"name":"Balo Solo 15.6\" Code- UBN740 M Grey/Black","storeId":"rGCumjwmzZ","color":"gray"}},"deliveryInfo":{"name":"nghia","phone":"0989878765","address":"123 Phạm văn chiêu"},"storeIds":["rGCumjwmzZ"],"amount":1000000,"_p_user":"_User$rp4pbuwgvY","status":"NEW","_created_at":{"$date":"2019-08-04T05:35:14.638Z"},"_updated_at":{"$date":"2019-08-04T05:35:14.638Z"}}
{"_id":"z76vEwXhdI","items":{"lpLL35jElP":{"objectId":"lpLL35jElP","price":1000000,"images":"//////media/upload_0085864b762477a25a3fb31bd66df2ed.png","count":3,"name":"Balo Solo 15.6\" Code- UBN740 M Grey/Black","storeId":"rGCumjwmzZ","color":"gray"},"hlhtAfyMao":{"objectId":"hlhtAfyMao","price":30,"images":"media\\upload_e7dddcfb2b4a9a9301ff5e6a5350f9e9.jpeg","count":2,"name":"áo đấu","storeId":"rGCumjwmzZ","color":"gray"}},"deliveryInfo":{"name":"nghia dep trai","phone":"0988315475","address":"123 Phạm văn chiêu"},"storeIds":["rGCumjwmzZ"],"amount":3000060,"_p_user":"_User$rp4pbuwgvY","status":"NEW","_created_at":{"$date":"2019-08-04T04:35:59.869Z"},"_updated_at":{"$date":"2019-08-04T04:35:59.869Z"}}
{"_id":"zVuFl5zyIC","items":{"hBSjgJkWZP":{"objectId":"hBSjgJkWZP","price":1300000,"images":"media/upload_fbee887e09c95e7ec55ca159828168e5.png","count":20,"name":"Lowepro Flipside Trek BP 250 AW M Grey/Dark Green","storeId":"ESUKCG7wOw","size":"S","color":"gray","type":"available"}},"deliveryInfo":{"name":"duc test ","phone":"0123456789","address":"95 đường 59"},"storeIds":["ESUKCG7wOw"],"amount":26000000,"_p_user":"_User$VSBDT9eqrl","status":"NEW","_created_at":{"$date":"2019-08-04T10:42:10.957Z"},"_updated_at":{"$date":"2019-08-04T10:42:10.957Z"}}
{"_id":"zr6YXAW7CU","items":{"lpLL35jElP":{"objectId":"lpLL35jElP","price":1000000,"images":"//////media/upload_0085864b762477a25a3fb31bd66df2ed.png","count":1,"name":"Balo Solo 15.6\" Code- UBN740 M Grey/Black","storeId":"rGCumjwmzZ","color":"gray","status":"AVAILABLE"}},"deliveryInfo":{"name":"nghia dep trai","phone":"0988315475","address":"123 Phạm văn chiêu"},"storeIds":["rGCumjwmzZ"],"amount":1000000,"_p_user":"_User$rp4pbuwgvY","status":"AVAILABLE","_created_at":{"$date":"2019-08-03T09:53:00.265Z"},"_updated_at":{"$date":"2019-08-11T03:52:24.587Z"}}
{"_id":"zuq9zWjgMW","items":{"lpLL35jElP":{"objectId":"lpLL35jElP","price":1000000,"images":"//////media/upload_0085864b762477a25a3fb31bd66df2ed.png","count":3,"name":"Balo Solo 15.6\" Code- UBN740 M Grey/Black","storeId":"rGCumjwmzZ","color":"gray"}},"deliveryInfo":{"name":"nghia","phone":"0989878986","address":"123 Phạm văn chiêu"},"storeIds":["rGCumjwmzZ"],"amount":3000000,"_p_user":"_User$rp4pbuwgvY","status":"NEW","_created_at":{"$date":"2019-08-03T11:51:16.894Z"},"_updated_at":{"$date":"2019-08-03T11:51:16.894Z"}}
