{"_id":"0o7IDxBRwv","images":["media/upload_f18ac02d1becb4c91776feb8f0a4c859.png","////////media/upload_c115e57fba60e70adbf36abaae94a350.png","/////////media/upload_8e8caa81d292e9a39f99f24aba01e415.png","//////media/upload_5d2bbe24393c5786bd89d9ab66189086.png","/////media/upload_cacb46f2883718641ddc8524737a52eb.png"],"categoryIds":["wqp6nL5GVG","nuBvnifJPH"],"menuIds":["FdMkbLhD9N"],"colors":["maroon","black","orange","gray"],"_p_store":"_User$rGCumjwmzZ","information":"                                                                                                                                                                                                                                                                                                                                                                                                                                                                                    <p>c</p>\r\n                        \r\n                        \r\n                        \r\n                        \r\n                        \r\n                        \r\n                        \r\n                        \r\n                        \r\n                        \r\n                        \r\n                        \r\n                        \r\n                        \r\n                        \r\n                        \r\n                        \r\n                        ","name":"Balo Solo 15.6\" Code- UBN740 M Grey/Black","price":200000,"quantity":10,"description":"b\r\n                        \r\n                        \r\n                        \r\n                        \r\n                        \r\n                        \r\n                        \r\n                        \r\n                        \r\n                        \r\n                        \r\n                        \r\n                        \r\n                        \r\n                        \r\n                        \r\n                        \r\n                        ","userManual":"                                                                                                                                                                                                                                                                                                                                                                                                                                                                                    <p>d</p>\r\n                        \r\n                        \r\n                        \r\n                        \r\n                        \r\n                        \r\n                        \r\n                        \r\n                        \r\n                        \r\n                        \r\n                        \r\n                        \r\n                        \r\n                        \r\n                        \r\n                        \r\n                        ","shortDescription":"a\r\n                        \r\n                        \r\n                        \r\n                        \r\n                        \r\n                        \r\n                        \r\n                        \r\n                        \r\n                        \r\n                        \r\n                        \r\n                        \r\n                        \r\n                        \r\n                        \r\n                        \r\n                        ","linkFacebook":null,"linkInstagram":null,"status":"DELETED","_created_at":{"$date":"2019-05-30T06:45:32.039Z"},"_updated_at":{"$date":"2020-07-24T10:29:25.59Z"},"relativeCategoryIds":["ahlEN7OUHC","wqp6nL5GVG","cx2JWTv19q","nuBvnifJPH"],"timeDeliveryFastest":"5","timeDeliveryLongest":"15","deliveryFrom":0,"deliveryTo":0,"oldPrice":0}
{"_id":"0vSEt8vPPE","images":["img/product/hm3-pro-1.jpg"],"_created_at":{"$date":"2019-04-02T16:40:34.604Z"},"_updated_at":{"$date":"2019-04-18T04:13:38.802Z"},"name":"T- Shirt And Jeans","price":600000,"status":"PENDING","_p_store":"_User$rGCumjwmzZ","categoryIds":["ahlEN7OUHC","jDwB9apO23"]}
{"_id":"0vgPrsXqZF","images":["img/product/hm3-pro-3.jpg"],"name":"T- Shirt And Jeans","price":40,"_created_at":{"$date":"2019-04-05T17:28:37.531Z"},"_updated_at":{"$date":"2019-12-21T15:04:21.565Z"},"categoryIds":["YYbS7WVYGY","VQCeGFtkGX"],"status":"ACTIVE","_p_store":"_User$rGCumjwmzZ","thumbnails":["img/product/hm3-pro-3_width_400.jpg"]}
{"_id":"1WockaKFvH","images":["media\\upload_4999b4a7c61f569709fd912e5017c4c7.jpeg","media\\upload_b4f30603208adafc3b2cf8dca815b53f.jpeg"],"categoryIds":["YYbS7WVYGY","VQCeGFtkGX"],"_p_store":"_User$rGCumjwmzZ","information":"<p>áo đi mưa</p>","name":"áo đi mưa","price":121123,"_created_at":{"$date":"2019-04-20T07:31:20.458Z"},"_updated_at":{"$date":"2019-04-20T09:52:48.32Z"}}
{"_id":"2LInjudg4c","images":["img/product/hm3-pro-9.jpg"],"name":"T- Shirt And Jeans","price":200,"_created_at":{"$date":"2019-04-05T17:28:37.531Z"},"_updated_at":{"$date":"2019-12-21T15:04:21.433Z"},"categoryIds":["YYbS7WVYGY","VQCeGFtkGX"],"status":"ACTIVE","_p_store":"_User$rGCumjwmzZ","thumbnails":["img/product/hm3-pro-9_width_400.jpg"]}
{"_id":"73sVaCRatO","colors":["black"],"images":["media/upload_c1af66dad139b914487c79d4eb5bf11f.png"],"quantitySize":{"S":4,"M":5,"L":0,"XL":0,"XXL":0,"XXXL":0},"relativeCategoryIds":["cx2JWTv19q","nuBvnifJPH"],"categoryIds":["nuBvnifJPH"],"shortDescription":"q","description":"a","information":"<p>a</p>","userManual":"<p>a</p>","name":"Balo Solo 15.6\" Code- UBN740 M Black","code":"12345","size":"fontSize","price":2000000,"oldPrice":3000000,"type":"available","deliveryFrom":3,"deliveryTo":5,"linkFacebook":"","linkInstagram":"","quantity":9,"_p_store":"_User$rGCumjwmzZ","status":"ACTIVE","_created_at":{"$date":"2019-08-03T11:34:12.833Z"},"_updated_at":{"$date":"2019-12-21T13:37:11.837Z"},"thumbnails":["media/upload_c1af66dad139b914487c79d4eb5bf11f_width_400.png"]}
{"_id":"7KXjFEpEBT","colors":["red"],"images":["media/upload_ecf947fbabd86675ed949ed15c7b4443.png"],"quantitySize":{"35":3,"36":0,"37":0,"38":0,"39":0,"40":0,"41":0,"42":0,"43":0,"44":0,"35,5":0,"36,5":0,"37,5":0,"38,5":0,"39,5":0,"40,5":0,"41,5":0,"42,5":0,"43,5":0},"relativeCategoryIds":["cx2JWTv19q","nYrCrwjYAB"],"categoryIds":["nYrCrwjYAB"],"menuIds":["FdMkbLhD9N"],"shortDescription":"abc","description":"abc","information":"<p>a</p>","userManual":"<p>a</p>","name":"Balo Solo 15.6\" Code- UBN740 M Grey/Black","code":"12345789","size":"numberSize","price":3000000,"oldPrice":3500000,"type":"available","deliveryFrom":2,"deliveryTo":4,"linkFacebook":"","linkInstagram":"","quantity":3,"_p_store":"_User$rGCumjwmzZ","status":"DELETED","_created_at":{"$date":"2019-08-08T17:07:05.677Z"},"_updated_at":{"$date":"2020-07-24T10:29:19.747Z"}}
{"_id":"8Nft9rwt3H","images":["img/product/hm3-pro-6.jpg"],"name":"T- Shirt And Jeans","price":90,"_created_at":{"$date":"2019-04-05T17:28:37.531Z"},"_updated_at":{"$date":"2019-12-21T15:04:21.57Z"},"categoryIds":["ahlEN7OUHC","jDwB9apO23"],"status":"ACTIVE","_p_store":"_User$rGCumjwmzZ","colors":["blue","gray"],"thumbnails":["img/product/hm3-pro-6_width_400.jpg"]}
{"_id":"8NsGnA2Dva","images":["img/product/hm3-pro-10.jpg"],"name":"T- Shirt And Jeans","price":120,"_created_at":{"$date":"2019-04-05T17:28:37.531Z"},"_updated_at":{"$date":"2019-12-21T15:04:21.403Z"},"categoryIds":["ahlEN7OUHC","jDwB9apO23"],"status":"ACTIVE","_p_store":"_User$rGCumjwmzZ","thumbnails":["img/product/hm3-pro-10_width_400.jpg"]}
{"_id":"8wW1o5gZJJ","images":["media\\upload_044f6d22e842c7489837d257af0e7c4e.jpeg"],"colors":["yellow"],"categoryIds":["ahlEN7OUHC","jDwB9apO23"],"_p_store":"_User$rGCumjwmzZ","information":"<p>thử đi rồi biết người ae</p>","name":"one chưởng","price":2222222,"quantity":2222,"description":"ăn thử thì biết","userManual":"<p>quỳ xuống&nbsp;</p>","shortDescription":"vỡ mồm","linkFacebook":"https://www.facebook.com/prombylsts/photos/a.577539349409361/577539476076015/?type=3&theater","linkInstagram":null,"status":"ACTIVE","_created_at":{"$date":"2019-04-26T09:37:26.933Z"},"_updated_at":{"$date":"2019-04-26T09:38:00.261Z"}}
{"_id":"BfltLhXJsB","colors":["blue"],"images":["media/upload_2e68727a53adc31002b03f161b83ccc7.png"],"quantitySize":{"S":4,"M":0,"L":0,"XL":0,"XXL":0,"XXXL":0},"relativeCategoryIds":["cx2JWTv19q","lc2dsGMfzL"],"categoryIds":["lc2dsGMfzL"],"shortDescription":"a","description":"a","information":"<p>b</p>","userManual":"<p>b</p>","name":"Balo Solo 15.6\" Code- UBN740 M Grey/Black","size":"fontSize","price":2000000,"oldPrice":3000000,"deliveryFrom":2,"deliveryTo":4,"linkFacebook":"","linkInstagram":"","quantity":4,"_p_store":"_User$rGCumjwmzZ","status":"ACTIVE","_created_at":{"$date":"2019-08-03T06:14:11.59Z"},"_updated_at":{"$date":"2019-12-21T13:37:11.838Z"},"code":"12345","thumbnails":["media/upload_2e68727a53adc31002b03f161b83ccc7_width_400.png"]}
{"_id":"E9fEcoWcL7","images":["media\\upload_a3a6dc06fdd17c3a1d5af245cf789720.jpeg"],"colors":["gray"],"categoryIds":["ahlEN7OUHC","Qns5n7HLuQ"],"_p_store":"_User$rGCumjwmzZ","information":"<p>abc</p>","name":"Balo Solo 15.6\" Code- UBN740 M Grey/Black","price":200000,"quantity":10,"description":"b","userManual":"<p>bdf</p>","shortDescription":"a","linkFacebook":null,"linkInstagram":null,"status":"PENDING","_created_at":{"$date":"2019-05-07T15:07:52.077Z"},"_updated_at":{"$date":"2019-05-07T15:07:52.077Z"}}
{"_id":"EmqOSpuR01","images":["media\\upload_13b7050cc3ea1002c261db64db7807bb.jpeg","media\\upload_e7c0b1baa4580b0fbaa664b5081b39fe.jpeg"],"categoryIds":["YYbS7WVYGY","VQCeGFtkGX"],"_p_store":"_User$rGCumjwmzZ","information":"<p>ô dù cho những ngày trời mưa tầm tã</p>","name":"ô cute phomai que","price":250000,"status":"PENDING","_created_at":{"$date":"2019-04-20T08:05:16.993Z"},"_updated_at":{"$date":"2019-04-20T09:52:35.063Z"}}
{"_id":"EwdMki3GnJ","images":["media\\upload_e74493be1a565d09334dc4a245f11caa.jpeg","media\\upload_df61cc9c8538fe2c2fdd9418313d3a5e.jpeg"],"colors":["green","yellow"],"categoryIds":["wmzCThPplu","1WoDCTadNp"],"_p_store":"_User$rGCumjwmzZ","information":"<p><span style=\"color: rgb(29, 33, 41); font-family: Helvetica, Arial, sans-serif; font-size: 13px;\">Cold Brew Sữa Tươi mềm mại, hay Cold Brew Truyền Thống nguyên bản, mỗi hương vị cà phê tại Nhà đều gứi gắm đến bạn hương vị đặc biệt rất riêng. Hãy chia sẻ những khoảnh khắc đáng nhớ nhất của bạn với ly Cold Brew yêu thích tại Nhà và cùng nhận 10 HỘP QUÀ COLD BREW GIỚI HẠN</span><br></p>","name":"khô gà lá chanh","price":19000,"quantity":100,"description":"Giờ chẳng sợ ngồi cà phê ở Nhà mà buồn miệng, không có gì nhâm nhi rồi, đội quân SNACK đã chính thức có mặt tại quầy của Nhà từ hôm nay. Rất nhiều loại SNACK mặn ngọt đủ vị thơm giòn, giá không phải nghĩ suy ","userManual":"<p>ăn thôi</p>","shortDescription":"Nhà không chỉ có SNACK \r\nMà Nhà đã có rất nhiều SNACK, bạn thử chưa?","status":"PENDING","_created_at":{"$date":"2019-04-24T14:17:04.692Z"},"_updated_at":{"$date":"2019-04-24T14:17:04.692Z"}}
{"_id":"FcznkcjUPI","images":["media\\upload_4349529a7abc1c780a2d38ce04692ec6.png"],"categoryIds":["ahlEN7OUHC","Qns5n7HLuQ"],"menuIds":["FdMkbLhD9N"],"colors":["maroon"],"_p_store":"_User$rGCumjwmzZ","information":"<p>b</p>","name":"Balo Solo 15.6\" Code- UBN740 M Grey/Black","price":200000,"quantity":2,"description":"a","userManual":"<p>b</p>","shortDescription":"a","linkFacebook":null,"linkInstagram":null,"status":"PENDING","_created_at":{"$date":"2019-05-29T13:34:59.16Z"},"_updated_at":{"$date":"2019-05-29T13:34:59.16Z"}}
{"_id":"GEHKAEZ8CH","images":["media\\upload_7e2a5cbddaed169078a146d059a70987.png"],"colors":["maroon","gray","green"],"categoryIds":["ahlEN7OUHC","wqp6nL5GVG"],"_p_store":"_User$rGCumjwmzZ","information":"<p>a</p>","name":"Balo Solo 15.6\" Code- UBN740 M Grey/Black","price":200000,"quantity":2,"_p_category":"Category$wqp6nL5GVG","description":"a","userManual":"<p>a</p>","shortDescription":"a","linkFacebook":null,"linkInstagram":null,"_p_menu":"Menu$FdMkbLhD9N","menuId":"FdMkbLhD9N","status":"PENDING","_created_at":{"$date":"2019-05-29T13:51:10.694Z"},"_updated_at":{"$date":"2019-05-29T13:51:10.694Z"}}
{"_id":"GK2AO2Jisp","images":["media\\upload_ce10104dcf05b924e0d65228371afdf3.jpeg"],"colors":["blue","gray"],"categoryIds":["ahlEN7OUHC","jDwB9apO23"],"_p_store":"_User$rGCumjwmzZ","information":"<p>xuất xứ từ úc&nbsp;&nbsp;&nbsp;&nbsp;</p>","name":"the north face","price":2780000,"description":"áo khoác chống nước","userManual":"<p>mặc vô &nbsp;thôi</p>","shortDescription":"siêu phẩm đi mưa","status":"PENDING","_created_at":{"$date":"2019-04-22T09:17:05.189Z"},"_updated_at":{"$date":"2019-04-22T09:17:05.189Z"}}
{"_id":"IqYbMHLjrA","images":["media\\upload_8a36bf53a19d4efeabf5fa0eee0cf2ab.jpeg","media\\upload_1babf4cc4bd6a8bdd7c4dd09118b5e60.jpeg"],"colors":["green","yellow"],"categoryIds":["YYbS7WVYGY","ZENIJOJcyS"],"_p_store":"_User$rGCumjwmzZ","information":"<p><br></p><p><span style=\"color: rgb(17, 17, 17); font-family: Muli; font-size: 14px;\">Dép &amp; Guốc</span><br></p>","name":"Dép Đế Bệt Quai Trong Suốt - DXP 0134 - Màu Hồng","price":470,"quantity":12,"description":"Dùng thước đo chiều dài lớn nhất từ mũi chân đến gót chân trên khung bàn chân đã đánh dấu","userManual":"<p><span style=\"color: rgb(17, 17, 17); font-family: Muli; font-size: 14px;\">Lấy thước dây quấn quanh 1 vòng bàn chân từ khớp ngón chân cái đến khớp ngón chân út</span><br></p>","shortDescription":"Bảo hành sản phẩm trọn đời\r\nMiễn phí đổi sản phẩm ( trong 7 ngày )","status":"ACTIVE","_created_at":{"$date":"2019-04-24T06:53:02.954Z"},"_updated_at":{"$date":"2019-04-24T06:56:46.066Z"}}
{"_id":"J6rUGyHNHH","images":["media\\upload_a0d4863b8a220b2b76182b14bf7f2e25.jpeg"],"colors":["gray","green"],"categoryIds":["YYbS7WVYGY","ZENIJOJcyS"],"_p_store":"_User$rGCumjwmzZ","information":"<p>giày của sự giàu có</p>","name":"adidas nmd","price":3500000,"description":"nhắc nhẹ là sắp đến sinh nhật em rồi đó :))))))))))))","userManual":"<p>đeo vô rồi đi thôi</p>","shortDescription":"lêu lêu ahihi","status":"PENDING","_created_at":{"$date":"2019-04-21T10:23:00.604Z"},"_updated_at":{"$date":"2019-04-21T10:23:00.604Z"}}
{"_id":"JZR1E6NjCl","images":["media\\upload_cc585ed5e16248429bf5f9c4d484aa31.jpeg","media\\upload_dbd5e4f31afa646464d108c3efc97539.jpeg","media\\upload_316b24626ad949ea4daa688a727eceb5.jpeg","media\\upload_048d84195da2b1cdfdb758b228450716.jpeg"],"colors":["gray"],"categoryIds":["wmzCThPplu","OJlPUFabLE"],"_p_store":"_User$rGCumjwmzZ","information":"<p style=\"color: rgb(80, 80, 80); font-family: arial, Helvetica, sans-serif; font-size: 13px; text-align: justify;\"><span style=\"color: rgb(0, 0, 255);\"><span style=\"font-weight: 700;\">Các đặc điểm của Lowepro Flipside Trek BP 250 AW M Grey/Dark Green</span></span></p><p style=\"color: rgb(80, 80, 80); font-family: arial, Helvetica, sans-serif; font-size: 13px; text-align: justify;\"><span style=\"color: rgb(255, 0, 0);\"><span style=\"font-weight: 700;\">Màu sắc và thiết kế trang nhã</span></span></p><p style=\"color: rgb(80, 80, 80); font-family: arial, Helvetica, sans-serif; font-size: 13px; text-align: justify;\"><em>Lowepro Flipside Trek BP 250 AW M</em>&nbsp;có hai màu nổi bật là xám và xanh lá nhẹ nhàng, màu sắc này cực kỳ dễ phù hợp với trang phục của người mang balo và không gian xung quanh.<span style=\"text-align: left;\">&nbsp;</span></p><p style=\"color: rgb(80, 80, 80); font-family: arial, Helvetica, sans-serif; font-size: 13px; text-align: justify;\">Có thể thấy, balo Lowepro Flipside Trek BP 250 AW M có màu phổ biến, nhiều người có thể sử dụng, vừa đem đến cho bạn phong cách thời trang hiện đại, lại vừa trang nhã.</p><p style=\"color: rgb(80, 80, 80); font-family: arial, Helvetica, sans-serif; font-size: 13px; text-align: justify;\">Lowepro Flipside Trek BP 250 AW M Grey/Dark Green đích thực là một chiếc balo máy ảnh với các thiết kế ngăn và phân bố độc đáo phù hợp cho việc đựng các đồ dùng cần thiết của chuyến đi, vẫn đảm bảo khu vực riêng cho máy ảnh.<span style=\"text-align: left;\">&nbsp;</span></p><p style=\"color: rgb(80, 80, 80); font-family: arial, Helvetica, sans-serif; font-size: 13px; text-align: justify;\">Ngoài ra, balo còn có thiết kế khá nhiều dây đai trợ lực nằm cả ở mặt trước, phần hông và phần quai đeo giúp cân bằng trọng lượng khi mang balo, đảm bảo an toàn cho đồ đạc bên trong balo.&nbsp;</p><p style=\"color: rgb(80, 80, 80); font-family: arial, Helvetica, sans-serif; font-size: 13px; text-align: justify;\">Balo Lowepro Flipside Trek BP 250 AW M có cơ chế lấy máy từ mặt lưng balo với hai phần đệm lưới nhô cao, thoải mái khi sử dụng.</p><p style=\"color: rgb(80, 80, 80); font-family: arial, Helvetica, sans-serif; font-size: 13px; text-align: justify;\"><span style=\"color: rgb(255, 0, 0);\"><span style=\"font-weight: 700;\">Thiết kế ngăn hoàn hảo cho chiếc máy ảnh</span></span></p><p style=\"color: rgb(80, 80, 80); font-family: arial, Helvetica, sans-serif; font-size: 13px; text-align: justify;\">Lowepro Flipside Trek BP 250 AW M Grey/Dark Green là dòng sản phẩm balo 2 quai, thích hợp cho chuyến đi xa, tiện lợi lúc di chuyển bằng xe máy, du lịch nơi có địa hình khó khăn khi đi lại.<span style=\"text-align: center;\">&nbsp;</span></p><p style=\"color: rgb(80, 80, 80); font-family: arial, Helvetica, sans-serif; font-size: 13px; text-align: justify;\">Ngăn phụ nằm ở mặt trước balo và sử dụng chứa Tablet 8’’ với túi nệm công nghệ Cradlefit êm ái. Bên cạnh đó, balo còn có ngăn phụ 2 bên hông để đựng chân máy hoặc chai nước.&nbsp;</p><p style=\"color: rgb(80, 80, 80); font-family: arial, Helvetica, sans-serif; font-size: 13px; text-align: justify;\">Ngăn đựng máy ảnh nằm ở mặt lưng của balo, phần khóa kéo dễ dàng cho bạn tiếp cận thiết bị. Ngăn chứa phù hợp với các dòng máy: Mirrorless, DSLR Body và chứa thêm từ 2 đến 3 lens.</p><p style=\"color: rgb(80, 80, 80); font-family: arial, Helvetica, sans-serif; font-size: 13px; text-align: justify;\">Để lấy máy dễ dàng và không muốn gỡ balo xuống khỏi người, bạn chỉ cần xoay balo ra trước người, sử dụng đại trợ lực ở hông để cố định balo và lật phần mặt lưng về phía đối diện phía trước là có thể lấy máy ra “tác nghiệp”.<span style=\"text-align: left;\">&nbsp;</span></p><p style=\"color: rgb(80, 80, 80); font-family: arial, Helvetica, sans-serif; font-size: 13px; text-align: justify;\"><span style=\"color: rgb(255, 0, 0);\"><span style=\"font-weight: 700;\">Phần quai và chất liệu Polyester</span></span></p><p style=\"color: rgb(80, 80, 80); font-family: arial, Helvetica, sans-serif; font-size: 13px; text-align: justify;\">Đối với dòng balo&nbsp;<u>Lowepro Flipside Trek BP 250 AW M Grey/Dark Green</u>, chất liệu sử dụng để hoàn thành một chiếc balo mang rõ phong cách của dân chụp ảnh phải tiếp xúc nhiều mới môi trường tự nhiên. Chất liệu Polyester đảm bảo chống nước tốt, phù hợp điều kiện thời tiết mưa, ngăn chặn ẩm ướt ảnh hưởng đến máy ảnh. Đặc biệt, Polyester rất bền màu, bạn thỏa thích sử dụng chúng trong thời gian dài.</p><p style=\"color: rgb(80, 80, 80); font-family: arial, Helvetica, sans-serif; font-size: 13px; text-align: justify;\">&nbsp;</p><p style=\"color: rgb(80, 80, 80); font-family: arial, Helvetica, sans-serif; font-size: 13px; text-align: center;\"></p><p style=\"color: rgb(80, 80, 80); font-family: arial, Helvetica, sans-serif; font-size: 13px; text-align: center;\"><em>Chất liệu Polyester chống nước khá tốt</em></p><p style=\"color: rgb(80, 80, 80); font-family: arial, Helvetica, sans-serif; font-size: 13px; text-align: justify;\">&nbsp;</p><p style=\"color: rgb(80, 80, 80); font-family: arial, Helvetica, sans-serif; font-size: 13px; text-align: justify;\">Phần lưng là sự kết hợp giữa 2 phần đệm lưới nổi với chức năng thoát hơi nhanh, êm ái giúp bạn cảm thấy thoải mái khi mang balo trong thời gian dài.</p><p style=\"color: rgb(80, 80, 80); font-family: arial, Helvetica, sans-serif; font-size: 13px; text-align: justify;\">Quai đeo sẽ xuất hiện thêm phần đai trợ lực ở mặt trước balo, hai bên balo, đai hông và đai ngang ngực giúp phân bổ trọng lượng balo đều khi mang trên lưng. Đai trợ lực đảm bảo an toàn cho máy và các đồ vật khác trên balo khi phải di chuyển liên tục.</p>","name":"Lowepro Flipside Trek BP 250 AW M Grey/Dark Green","price":2200000,"description":"Lowepro Flipside Trek BP 250 AW M Grey/Dark Green là sự kết hợp hoàn hảo giữa những tính năng cần thiết của một chiếc balo du lịch và balo máy ảnh của thương hiệu Lowepro với thiết kế thời trang, màu sắc trang nhã. Lowepro Flipside Trek BP 250 AW M được làm từ chất liệu Polyester chống nước tốt, thiết kế ngăn đựng đồ, ngăn phụ Tablet 8’’ tiện lợi giúp chuyến đi của bạn trở nên ý nghĩa.","userManual":"<table class=\"detailtechPro\" style=\"background-color: rgb(255, 255, 255); border: 1px solid rgb(170, 170, 170); padding: 10px; color: rgb(80, 80, 80); font-family: arial, Helvetica, sans-serif; font-size: 13px; width: 418px;\"><tbody><tr><td class=\"headinfo\" style=\"padding: 10px; border: 1px solid rgb(170, 170, 170); width: 171px;\">Xuất xứ thương hiệu:</td><td class=\"infoDetail\" style=\"padding: 10px; border: 1px solid rgb(170, 170, 170); width: 241px;\">&nbsp;Lowepro</td></tr><tr><td class=\"headinfo\" style=\"padding: 10px; border: 1px solid rgb(170, 170, 170); width: 171px;\">Chất liệu:</td><td class=\"infoDetail\" style=\"padding: 10px; border: 1px solid rgb(170, 170, 170); width: 241px;\">&nbsp;Polyester</td></tr><tr><td class=\"headinfo\" style=\"padding: 10px; border: 1px solid rgb(170, 170, 170); width: 171px;\">Khả năng chống nước:</td><td class=\"infoDetail\" style=\"padding: 10px; border: 1px solid rgb(170, 170, 170); width: 241px;\">&nbsp;Tốt</td></tr><tr><td class=\"headinfo\" style=\"padding: 10px; border: 1px solid rgb(170, 170, 170); width: 171px;\">Kích thước:</td><td class=\"infoDetail\" style=\"padding: 10px; border: 1px solid rgb(170, 170, 170); width: 241px;\">&nbsp;50.8 x 30.5 x 58.5 cm</td></tr><tr><td class=\"headinfo\" style=\"padding: 10px; border: 1px solid rgb(170, 170, 170); width: 171px;\">Ngăn:</td><td class=\"infoDetail\" style=\"padding: 10px; border: 1px solid rgb(170, 170, 170); width: 241px;\">&nbsp;1 ngăn máy ảnh, 1 chính, 1 phụ</td></tr></tbody></table>","shortDescription":"Lowepro Flipside Trek BP 250 AW M Grey/Dark Green","status":"ACTIVE","_created_at":{"$date":"2019-04-22T13:33:41.533Z"},"_updated_at":{"$date":"2019-04-22T13:34:33.826Z"}}
{"_id":"KJaUV2ahz6","images":["media\\upload_d1485caa90cea47bfb6cd58f6f7d5ef7.jpeg"],"colors":["gray"],"categoryIds":["ahlEN7OUHC","yVhbfClOgy"],"_p_store":"_User$rGCumjwmzZ","information":"<p>b</p>","name":"Balo Solo 15.6\" Code- UBN740 M Grey/Black","price":300000,"quantity":8,"description":"a","userManual":"<p>b</p>","shortDescription":"a","linkFacebook":null,"linkInstagram":null,"status":"PENDING","_created_at":{"$date":"2019-05-07T15:10:32.673Z"},"_updated_at":{"$date":"2019-05-07T15:10:32.673Z"}}
{"_id":"MEcaSYwGb6","colors":["gray"],"images":["media/upload_644c0f0442a10cfb96e2601b0f1bc8c0.png"],"quantitySize":{"S":2,"M":3,"L":0,"XL":0,"XXL":0,"XXXL":0},"relativeCategoryIds":["cx2JWTv19q","HfsxIraZz0"],"categoryIds":["HfsxIraZz0"],"shortDescription":"a","description":"a","information":"<p>a</p>","userManual":"<p>a</p>","name":"Balo Solo 15.6\" Code- UBN740 M Grey","code":"12345","size":"fontSize","price":2000000,"oldPrice":3100000,"type":"available","deliveryFrom":3,"deliveryTo":5,"linkFacebook":"","linkInstagram":"","quantity":5,"_p_store":"_User$rGCumjwmzZ","status":"ACTIVE","_created_at":{"$date":"2019-08-03T11:35:51.711Z"},"_updated_at":{"$date":"2019-12-21T13:37:11.834Z"},"thumbnails":["media/upload_644c0f0442a10cfb96e2601b0f1bc8c0_width_400.png"]}
{"_id":"PCxkcABKAZ","images":["media\\upload_79ad041f5d749f54cb5805902ac109f2.png"],"categoryIds":["ahlEN7OUHC","44pivltqmH"],"menuIds":["FdMkbLhD9N"],"colors":["maroon"],"_p_store":"_User$rGCumjwmzZ","information":"<p>a</p>","name":"Balo Solo 15.6\" Code- UBN740 M Grey/Black","price":100000,"quantity":2,"description":"a","userManual":"<p>a</p>","shortDescription":"a","linkFacebook":null,"linkInstagram":null,"status":"PENDING","_created_at":{"$date":"2019-05-29T13:30:59.151Z"},"_updated_at":{"$date":"2019-05-29T13:30:59.151Z"}}
{"_id":"PEIsgixfhd","images":["banana-day1.jpg","banana-day1.jpg","tải xuống.jpg","dog.jpg"],"categoryIds":["YYbS7WVYGY","VQCeGFtkGX"],"information":"<p>ahihi</p>","name":"nghĩa","price":1223435,"_created_at":{"$date":"2019-04-20T03:51:31.38Z"},"_updated_at":{"$date":"2019-04-20T03:51:31.38Z"}}
{"_id":"RK8uXACYoR","images":["media/upload_e5755831b444aded7d7c32abf33d4041.png","//media/upload_f983def27d18737f612344a03c4b780a.png","media/upload_cb9d13f37c2a5e3f7b4a5d37252033f6.png"],"categoryIds":["wqp6nL5GVG","nuBvnifJPH"],"menuIds":["FdMkbLhD9N"],"colors":["maroon","gray"],"_p_store":"_User$rGCumjwmzZ","information":"                                                                                                                                  <p>c</p>\r\n                        \r\n                        \r\n                        \r\n                        \r\n                        ","name":"Balo Solo 15.6\" Code- UBN740 M Grey/Black","price":200000,"quantity":10,"description":"b\r\n                        \r\n                        \r\n                        \r\n                        \r\n                        ","userManual":"                                                                                                                                  <p>d</p>\r\n                        \r\n                        \r\n                        \r\n                        \r\n                        ","shortDescription":"a\r\n                        \r\n                        \r\n                        \r\n                        \r\n                        ","linkFacebook":null,"linkInstagram":null,"status":"DELETED","_created_at":{"$date":"2019-05-30T06:25:39.818Z"},"_updated_at":{"$date":"2020-07-24T10:29:33.484Z"},"relativeCategoryIds":["ahlEN7OUHC","wqp6nL5GVG","cx2JWTv19q","nuBvnifJPH"]}
{"_id":"STyyOE6xxm","images":["img/product/hm3-pro-1.jpg"],"name":"T- Shirt And Jeans","price":60,"_created_at":{"$date":"2019-04-05T17:28:37.531Z"},"_updated_at":{"$date":"2019-12-21T15:04:21.432Z"},"categoryIds":["YYbS7WVYGY","VQCeGFtkGX"],"status":"ACTIVE","_p_store":"_User$rGCumjwmzZ","colors":["blue","gray"],"thumbnails":["img/product/hm3-pro-1_width_400.jpg"]}
{"_id":"Uen4keFSey","colors":["maroon"],"images":["media/upload_df87a25fb77b2d15658a8b796a94578c.png"],"quantitySize":{"S":2,"M":3,"L":0,"XL":0,"XXL":0,"XXXL":0},"relativeCategoryIds":["cx2JWTv19q","mj1fgY7Ywf"],"categoryIds":["mj1fgY7Ywf"],"shortDescription":"z","description":"z","information":"<p>a</p>","userManual":"<p>a</p>","name":"Seliux F12 Lockheed Backpack M Red","code":"12345789","size":"fontSize","price":1200000,"oldPrice":1500000,"type":"available","deliveryFrom":3,"deliveryTo":5,"linkFacebook":"","linkInstagram":"","quantity":5,"_p_store":"_User$ESUKCG7wOw","status":"ACTIVE","_created_at":{"$date":"2019-08-03T11:57:02.451Z"},"_updated_at":{"$date":"2019-12-21T13:37:11.831Z"},"thumbnails":["media/upload_df87a25fb77b2d15658a8b796a94578c_width_400.png"]}
{"_id":"Vzgq1gTB7D","images":["media\\upload_ad4723515f2da594c38a321a8a334172.jpeg"],"colors":["gray","green"],"categoryIds":["YYbS7WVYGY","9FcFIZQhET"],"_p_store":"_User$rGCumjwmzZ","information":"màu hồng cho sự cá tính","name":"adidas nmd r2","price":2800000,"description":"siêu phẩm nay đã xuất hiện","userManual":"<p>cũng đeo vô rồi đi thôi</p>","shortDescription":"giàu của sự giàu có của giàu có","status":"ACTIVE","_created_at":{"$date":"2019-04-21T11:00:02.869Z"},"_updated_at":{"$date":"2019-04-21T11:02:06.321Z"}}
{"_id":"XGK3oJf60G","colors":["gray"],"images":["media/upload_7b791e3b9750e1b9e799b81b0fc7963f.png","media/upload_f74e901ae702086d4bb4be720dcda84c.png"],"quantitySize":{"S":2,"M":0,"L":0,"XL":0,"XXL":0,"XXXL":0},"relativeCategoryIds":["cx2JWTv19q","lGNv4ipi05","8qkNn08Kjc","Juh52QDwjc"],"categoryIds":["lGNv4ipi05","Juh52QDwjc"],"menuIds":["FdMkbLhD9N"],"shortDescription":"BALENCIAGA RETRO SUNGLASS","description":"<div style=\"list-style-position: initial; list-style-image: initial; padding-top: 0px; padding-right: 0px; padding-bottom: 0px; margin-right: 0px; margin-bottom: 0px; margin-left: 15px; box-sizing: inherit; font-size: 17px; line-height: 24px; color: rgb(85, 85, 85); font-family: Verlag, Helvetica, Arial, sans-serif;\"><div class=\"Ev\" style=\"box-sizing: inherit;\"><p><li class=\"Bv\" style=\"list-style-type: disc; padding: 0px; margin: 14px 0px; box-sizing: inherit; font-variant-numeric: normal; font-variant-east-asian: normal; font-stretch: normal; font-size: 18px; line-height: normal; color: rgb(31, 31, 31); font-feature-settings: &quot;lnum&quot;;\">Retro Balenciaga® metal frame and temples. Smooth acetate lenses provide 100% UV protection. Self-adjusting nose pads with brand label at each temple.</li></p></div></div><p style=\"list-style-type: disc; padding: 0px; margin: 14px 0px; box-sizing: inherit; font-variant-numeric: normal; font-variant-east-asian: normal; font-stretch: normal; font-size: 18px; line-height: normal; color: rgb(31, 31, 31); font-feature-settings: &quot;lnum&quot;;\"><span style=\"font-family: Verlag, Helvetica, Arial, sans-serif;\">Most complementary face shapes: oval, heart.</span></p><p style=\"list-style-type: disc; padding: 0px; margin: 14px 0px; box-sizing: inherit; font-variant-numeric: normal; font-variant-east-asian: normal; font-stretch: normal; font-size: 18px; line-height: normal; color: rgb(31, 31, 31); font-feature-settings: &quot;lnum&quot;;\"><span style=\"font-family: Verlag, Helvetica, Arial, sans-serif;\">Protective hard case included</span></p><p style=\"list-style-type: disc; padding: 0px; margin: 14px 0px; box-sizing: inherit; font-variant-numeric: normal; font-variant-east-asian: normal; font-stretch: normal; font-size: 18px; line-height: normal; color: rgb(31, 31, 31); font-feature-settings: &quot;lnum&quot;;\"><span style=\"font-family: Verlag, Helvetica, Arial, sans-serif;\">Made in Italy.</span></p><p style=\"list-style-type: disc; padding: 0px; margin: 14px 0px; box-sizing: inherit; font-variant-numeric: normal; font-variant-east-asian: normal; font-stretch: normal; font-size: 18px; line-height: normal; color: rgb(31, 31, 31); font-feature-settings: &quot;lnum&quot;;\"><span style=\"font-family: Verlag, Helvetica, Arial, sans-serif;\"><br></span><span style=\"font-family: Verlag, Helvetica, Arial, sans-serif;\"><br></span><br></p>","information":"<p><span style=\"color: rgb(31, 31, 31); font-family: Verlag, Helvetica, Arial, sans-serif; font-size: 18px;\">Measurements:</span></p><ul style=\"list-style-position: initial; list-style-image: initial; padding-top: 0px; padding-right: 0px; padding-bottom: 0px; margin-right: 0px; margin-bottom: 0px; margin-left: 15px; box-sizing: inherit; font-size: 17px; line-height: 24px; color: rgb(31, 31, 31); font-family: Verlag, Helvetica, Arial, sans-serif;\"><li style=\"list-style-type: disc; padding: 0px; margin: 14px 0px; box-sizing: inherit; font-variant-numeric: normal; font-variant-east-asian: normal; font-stretch: normal; font-size: 18px; line-height: normal; font-feature-settings: &quot;lnum&quot;;\">Eye Size: 54&nbsp;<sup style=\"box-sizing: inherit;\">9</sup>⁄10 mm</li><li style=\"list-style-type: disc; padding: 0px; margin: 14px 0px; box-sizing: inherit; font-variant-numeric: normal; font-variant-east-asian: normal; font-stretch: normal; font-size: 18px; line-height: normal; font-feature-settings: &quot;lnum&quot;;\">Bridge: 14&nbsp;<sup style=\"box-sizing: inherit;\">3</sup>⁄5 mm</li><li style=\"list-style-type: disc; padding: 0px; margin: 14px 0px; box-sizing: inherit; font-variant-numeric: normal; font-variant-east-asian: normal; font-stretch: normal; font-size: 18px; line-height: normal; font-feature-settings: &quot;lnum&quot;;\">Temple Size: 137&nbsp;<sup style=\"box-sizing: inherit;\">1</sup>⁄2 mm</li><li style=\"list-style-type: disc; padding: 0px; margin: 14px 0px; box-sizing: inherit; font-variant-numeric: normal; font-variant-east-asian: normal; font-stretch: normal; font-size: 18px; line-height: normal; font-feature-settings: &quot;lnum&quot;;\">Weight: 0.6 oz</li></ul>","userManual":"<p>None</p>","name":"Balenciaga Sunglass","code":"9262787","size":"fontSize","price":6990000,"oldPrice":12900000,"type":"available","deliveryFrom":18,"deliveryTo":30,"linkFacebook":"","linkInstagram":"","quantity":2,"_p_store":"_User$rGCumjwmzZ","status":"ACTIVE","_created_at":{"$date":"2020-07-24T11:25:32.719Z"},"_updated_at":{"$date":"2020-07-24T20:00:01.122Z"},"thumbnails":["media/upload_7b791e3b9750e1b9e799b81b0fc7963f_width_400.jpeg","media/upload_f74e901ae702086d4bb4be720dcda84c_width_400.jpeg"]}
{"_id":"Xi395Oaa8H","images":[],"categoryIds":["YYbS7WVYGY","ZENIJOJcyS","ahlEN7OUHC","R1lL1lO42H","wmzCThPplu","1WoDCTadNp","cx2JWTv19q","nYrCrwjYAB"],"menuIds":["FdMkbLhD9N"],"colors":["blue","yellow"],"_p_store":"_User$rGCumjwmzZ","information":"                          <p>cdddđ</p>\r\n                        ","name":"trà lài","price":400002,"quantity":10,"description":"bccccccccccc\r\n                        ","userManual":"                          <p>deeeeeeeeeeee</p>\r\n                        ","shortDescription":"abbbbbbbbbb\r\n                        ","linkFacebook":"https://www.facebook.com/","linkInstagram":null,"status":"DELETED","_created_at":{"$date":"2019-05-25T07:05:58.708Z"},"_updated_at":{"$date":"2019-05-28T17:06:13.463Z"}}
{"_id":"Z1XBNHVlEw","images":["media\\upload_8391bebfb7803097aae61fcc1683711f.jpeg","media\\upload_e1723d80ad7c20297bd08f2737812d1e.jpeg"],"colors":["gray"],"categoryIds":["wmzCThPplu","xJVlqTBB1N"],"_p_store":"_User$rGCumjwmzZ","information":"<div style=\"color: rgb(80, 80, 80); font-family: arial, Helvetica, sans-serif; font-size: 13px;\"><h2 style=\"font-weight: bold; font-size: 15px;\">Đặc điểm nổi bật của sản phẩm</h2><p><em><span style=\"font-weight: 700;\">Thiết kế thời trang, tiện dụng</span></em></p><p style=\"text-align: justify;\">-&nbsp;<span style=\"text-decoration-line: underline;\">Balo Solo 15.6\" Code- UBN740 M</span>&nbsp;được thiết kế với 1 ngăn chính đựng MTXT, các ngăn phụ trợ có thể dùng để đựng sách vở tài liệu, iPad, MTB và mọi thứ từ cây bút, card-visit cho tới vé máy bay, điện thoại di động và máy nghe nhạc MP3.</p><p style=\"text-align: justify;\">- Thiết kế chắc chắn với chất liệu vải polyeste cấp tạo có khả năng&nbsp;<a href=\"https://balohanghieu.com/balo/balo-chong-nuoc\" style=\"color: rgb(0, 0, 0);\">chống nước</a>&nbsp;tốt kết hợp với màu sắc thời trang trẻ trung giúp cho bạn thêm cá tính và năng động.</p><p>- Túi được gia công tỉ mỉ với nhiều ngăn đựng tiện dụng không chỉ đựng&nbsp;<a href=\"https://balohanghieu.com/balo/balo-laptop\" style=\"color: rgb(0, 0, 0);\">laptop</a>&nbsp;tới 15'6 inch và ipad từ 10 inch trở xuống mà có thể đựng một số đồ cá nhân khi đi xa hoặc đi công tác.</p></div><div style=\"color: rgb(80, 80, 80); font-family: arial, Helvetica, sans-serif; font-size: 13px; text-align: center;\"><br></div><div style=\"color: rgb(80, 80, 80); font-family: arial, Helvetica, sans-serif; font-size: 13px;\"><p>&nbsp;<em><span style=\"font-weight: 700;\">Bảo vệ máy với đệm chống sốc</span></em></p><p style=\"text-align: justify;\">- Balo có thiết kế đệm chống sốc hiệu quả, giúp chống va đập, chống xước và bảo vệ thật tốt cho thiết bị máy tính của bạn.</p><p style=\"text-align: justify;\">- Ngoài ngăn chính rộng rãi, balo Solo còn có nhiều ngăn phụ khác giúp bạn có thể để thêm nhiều đồ dùng một cách gọn gàng và ngăn nắp.&nbsp;</p><p><em><span style=\"font-weight: 700;\">Thoải mái khi sử dụng</span></em></p><p style=\"text-align: justify;\">- Quai đeo của balo có thể điều chỉnh giúp cho bạn dễ dàng thay đổi tùy theo sở thích hoặc chiều cao của người sử dụng.&nbsp;</p><p>- Đệm lưng dạng túi khí êm ái khi sử dụng, tránh việc gây nóng lưng và tiếp xúc giữa lưng và các đồ vật cứng trong balo gây hiện tương đau, mỏi lưng.</p></div>","name":"Balo Solo 15.6\" Code- UBN740 M Grey/Black","price":1500000,"description":"Balo Solo 15.6\" Code- UBN740 M Grey/Black là một sản phẩm mới của thương hiệu Solo, với thiết kế trẻ trung, năng động, thời trang, sản phẩm sẽ là người bạn đồng hành thân thiết dành cho các bạn học sinh, sinh viên trong năm học mới.","userManual":"<p><br></p><table class=\"table table-bordered\"><tbody><tr><td>Xuất xứ thương hiệu:<br></td><td><br></td></tr><tr><td>Chất liệu:<br></td><td>polyester<br></td></tr><tr><td>Ngăn đựng laptop:<br></td><td>Có<br></td></tr><tr><td>Khả năng chống nước:<br></td><td>&nbsp;tốt<br></td></tr><tr><td>Kích thước:<br></td><td>&nbsp;18″ x 12.25″ x 5″<br></td></tr><tr><td>Trọng lượng:<br></td><td>&nbsp;0.6kg&nbsp; &nbsp; &nbsp; &nbsp; &nbsp; &nbsp; &nbsp; &nbsp; &nbsp; &nbsp; &nbsp; &nbsp; &nbsp; &nbsp; &nbsp; &nbsp; &nbsp; &nbsp; &nbsp; &nbsp; &nbsp; &nbsp; &nbsp; &nbsp; &nbsp; &nbsp; &nbsp; &nbsp;&nbsp;<br></td></tr></tbody></table><p><br></p>","shortDescription":"Balo Solo 15.6\" Code- UBN740 M Grey/Black \r\nĐại lý chính hãng hơn 50 hãng hàng đầu\r\nĐổi trả 30 ngày nếu không hài lòng\r\nHoàn tiền nếu không hài lòng sản phẩm\r\nBảo hành trọn đời miễn phí TÚI - BALO","status":"ACTIVE","_created_at":{"$date":"2019-04-22T13:15:45.841Z"},"_updated_at":{"$date":"2019-04-22T13:18:02.788Z"}}
{"_id":"ZB8CMlySb4","images":["media/upload_f22abe60bcbbb9ab74d9d3691f487774.png","media/upload_56e5cbc02cb0a898836a673ccbe9aaa8.png"],"categoryIds":["ahlEN7OUHC","wqp6nL5GVG","cx2JWTv19q","nuBvnifJPH"],"menuIds":["FdMkbLhD9N"],"colors":["maroon","gray"],"_p_store":"_User$rGCumjwmzZ","information":"<p>c</p>","name":"Balo Solo 15.6\" Code- UBN740 M Grey/Black","price":200000,"quantity":10,"description":"b","userManual":"<p>d</p>","shortDescription":"a","linkFacebook":null,"linkInstagram":null,"status":"DELETED","_created_at":{"$date":"2019-05-29T15:03:00.04Z"},"_updated_at":{"$date":"2020-07-24T10:29:32.257Z"}}
{"_id":"a1A32IYBei","images":["img/product/hm3-pro-2.jpg","img/product/hm3-pro-2.jpg"],"name":"T- Shirt And Jeans","price":70,"_created_at":{"$date":"2019-04-05T17:28:37.531Z"},"_updated_at":{"$date":"2019-12-21T15:04:21.648Z"},"description":"Lorem ipsum dolor sit amet consectetur adipisicing elit, sed do eiusmod tempor incididunt\n\nut labore et dolore magna aliqua. Ut enim ad minim veniam, quis nostrud exercitation ullamco laboris nisi ut aliquip ex ea commo consequat. Duis aute irure dolor in reprehend in voluptate velit esse cillum dolore eu fugiat nulla pariatur. Excepteur sint occaecat cupidatat non proident, sunt in culpa qui officia deserunt","shortDescription":"Lorem ipsum dolor sit amet, consectetur adipiscing elit. Nam fringilla augue nec est tristique auctor. Donec non est at libero vulputate rutrum. Morbi ornare lectus quis justo gravida semper. Nulla tellus mi, vulputate adipiscing cursus eu, suscipit id nulla.","information":"<ul><li style=\"color: rgb(51, 51, 51); font-size: 14px; list-style: none outside none; margin: 0px 0px 13px;\"><span style=\"transition: all 0.3s ease 0s; color: rgb(0, 0, 0); display: inline-block; margin: 0px 26px 0px 0px; min-width: 85px;\">Weight</span>&nbsp;400 g</li><li style=\"color: rgb(51, 51, 51); font-size: 14px; list-style: none outside none; margin: 0px 0px 13px;\"><span style=\"transition: all 0.3s ease 0s; color: rgb(0, 0, 0); display: inline-block; margin: 0px 26px 0px 0px; min-width: 85px;\">Dimensions</span>10 x 10 x 15 cm</li><li style=\"color: rgb(51, 51, 51); font-size: 14px; list-style: none outside none; margin: 0px 0px 13px;\"><span style=\"transition: all 0.3s ease 0s; color: rgb(0, 0, 0); display: inline-block; margin: 0px 26px 0px 0px; min-width: 85px;\">Materials</span>&nbsp;60% cotton, 40% polyester</li><li style=\"color: rgb(51, 51, 51); font-size: 14px; list-style: none outside none; margin: 0px 0px 13px;\"><span style=\"transition: all 0.3s ease 0s; color: rgb(0, 0, 0); display: inline-block; margin: 0px 26px 0px 0px; min-width: 85px;\">Other Info</span>&nbsp;American heirloom jean shorts pug seitan letterpress&nbsp;&nbsp;</li><li style=\"color: rgb(51, 51, 51); font-size: 14px; list-style: none outside none; margin: 0px 0px 13px;\">materials&nbsp; &nbsp; &nbsp; &nbsp; &nbsp; &nbsp; &nbsp; &nbsp;hello</li><li style=\"color: rgb(51, 51, 51); font-size: 14px; list-style: none outside none; margin: 0px 0px 13px;\">ako&nbsp; &nbsp; &nbsp; &nbsp; &nbsp; &nbsp; &nbsp; &nbsp; &nbsp; &nbsp; &nbsp; &nbsp; sjgoik g</li></ul>","categoryIds":["YYbS7WVYGY","VQCeGFtkGX"],"status":"ACTIVE","_p_store":"_User$rGCumjwmzZ","thumbnails":["img/product/hm3-pro-2_width_400.jpg","img/product/hm3-pro-2_width_400.jpg"]}
{"_id":"c0YRbEhldb","images":["//media\\upload_f895253982e8ede0d08db4342d37bc15.jpeg","/media/upload_82edb508997741b6100b6618645ca211.png"],"colors":["gray","black"],"categoryIds":["Qns5n7HLuQ"],"_p_store":"_User$rGCumjwmzZ","information":"                                                    <p>abc</p>\r\n                        \r\n                        ","name":"Balo Solo 15.6\" Code- UBN740 M Grey/Black","price":200000,"quantity":10,"description":"b\r\n                        \r\n                        ","userManual":"                                                    <p>bdf</p>\r\n                        \r\n                        ","shortDescription":"a\r\n                        \r\n                        ","linkFacebook":null,"linkInstagram":null,"status":"PENDING","_created_at":{"$date":"2019-05-07T15:09:50.294Z"},"_updated_at":{"$date":"2019-07-06T14:05:58.241Z"},"menuIds":["FdMkbLhD9N"],"relativeCategoryIds":["ahlEN7OUHC","Qns5n7HLuQ"],"timeDeliveryFastest":"5","timeDeliveryLongest":"15"}
{"_id":"e67PwnGcWB","images":["media\\upload_d73129a90d117e2e67d6c84deda9ec5b.jpeg"],"colors":["gray"],"categoryIds":["ahlEN7OUHC","Qns5n7HLuQ"],"_p_store":"_User$rGCumjwmzZ","information":"<p>abc</p>","name":"Balo Solo 15.6\" Code- UBN740 M Grey/Black","price":200000,"quantity":10,"description":"b","userManual":"<p>bdf</p>","shortDescription":"a","linkFacebook":null,"linkInstagram":null,"status":"PENDING","_created_at":{"$date":"2019-05-07T15:05:55.792Z"},"_updated_at":{"$date":"2019-05-07T15:05:55.792Z"}}
{"_id":"eEVYNds240","images":["media\\upload_d3200d7f9fe2f25f076fda6d30601d2d.jpeg"],"colors":["gray"],"categoryIds":["ahlEN7OUHC","Qns5n7HLuQ"],"_p_store":"_User$rGCumjwmzZ","information":"<p>abc</p>","name":"Balo Solo 15.6\" Code- UBN740 M Grey/Black","price":200000,"quantity":10,"description":"b","userManual":"<p>bdf</p>","shortDescription":"a","linkFacebook":null,"linkInstagram":null,"status":"PENDING","_created_at":{"$date":"2019-05-07T15:08:06.66Z"},"_updated_at":{"$date":"2019-05-07T15:08:06.66Z"}}
{"_id":"eRdVVRGDBW","colors":["gray"],"images":["media/upload_447e83b4e83038ded19fb34c022414e8.png","media/upload_aa8852205646b0b9ec63b7fddd94ee2b.png"],"quantitySize":{"S":2,"M":0,"L":0,"XL":0,"XXL":0,"XXXL":0},"relativeCategoryIds":["cx2JWTv19q","5vJzbuIFcK","8qkNn08Kjc","Juh52QDwjc"],"categoryIds":["5vJzbuIFcK","Juh52QDwjc"],"menuIds":["FdMkbLhD9N"],"shortDescription":"<p>BALENCIAGA RETRO SUNGLASS</p>","description":"<ul style=\"list-style-position: initial; list-style-image: initial; padding-top: 0px; padding-right: 0px; padding-bottom: 0px; margin-right: 0px; margin-bottom: 0px; margin-left: 15px; box-sizing: inherit; font-size: 17px; line-height: 24px; color: rgb(85, 85, 85); font-family: Verlag, Helvetica, Arial, sans-serif;\"><div class=\"Ev\" style=\"box-sizing: inherit;\"><li class=\"Bv\" style=\"list-style-type: disc; padding: 0px; margin: 14px 0px; box-sizing: inherit; font-variant-numeric: normal; font-variant-east-asian: normal; font-stretch: normal; font-size: 18px; line-height: normal; color: rgb(31, 31, 31); font-feature-settings: &quot;lnum&quot;;\">Retro Balenciaga® metal frame and temples. Smooth acetate lenses provide 100% UV protection. Self-adjusting nose pads with brand label at each temple.</li></div><li style=\"list-style-type: disc; padding: 0px; margin: 14px 0px; box-sizing: inherit; font-variant-numeric: normal; font-variant-east-asian: normal; font-stretch: normal; font-size: 18px; line-height: normal; color: rgb(31, 31, 31); font-feature-settings: &quot;lnum&quot;;\">Most complementary face shapes: oval, heart.</li><li style=\"list-style-type: disc; padding: 0px; margin: 14px 0px; box-sizing: inherit; font-variant-numeric: normal; font-variant-east-asian: normal; font-stretch: normal; font-size: 18px; line-height: normal; color: rgb(31, 31, 31); font-feature-settings: &quot;lnum&quot;;\">Protective hard case included.</li><li style=\"list-style-type: disc; padding: 0px; margin: 14px 0px; box-sizing: inherit; font-variant-numeric: normal; font-variant-east-asian: normal; font-stretch: normal; font-size: 18px; line-height: normal; color: rgb(31, 31, 31); font-feature-settings: &quot;lnum&quot;;\">Made in Italy.</li></ul>","information":"<p><span style=\"color: rgb(31, 31, 31); font-family: Verlag, Helvetica, Arial, sans-serif; font-size: 18px;\">Measurements:</span></p><ul style=\"list-style-position: initial; list-style-image: initial; padding-top: 0px; padding-right: 0px; padding-bottom: 0px; margin-right: 0px; margin-bottom: 0px; margin-left: 15px; box-sizing: inherit; font-size: 17px; line-height: 24px; color: rgb(31, 31, 31); font-family: Verlag, Helvetica, Arial, sans-serif;\"><li style=\"list-style-type: disc; padding: 0px; margin: 14px 0px; box-sizing: inherit; font-variant-numeric: normal; font-variant-east-asian: normal; font-stretch: normal; font-size: 18px; line-height: normal; font-feature-settings: &quot;lnum&quot;;\">Eye Size: 54&nbsp;<sup style=\"box-sizing: inherit;\">9</sup>⁄10 mm</li><li style=\"list-style-type: disc; padding: 0px; margin: 14px 0px; box-sizing: inherit; font-variant-numeric: normal; font-variant-east-asian: normal; font-stretch: normal; font-size: 18px; line-height: normal; font-feature-settings: &quot;lnum&quot;;\">Bridge: 14&nbsp;<sup style=\"box-sizing: inherit;\">3</sup>⁄5 mm</li><li style=\"list-style-type: disc; padding: 0px; margin: 14px 0px; box-sizing: inherit; font-variant-numeric: normal; font-variant-east-asian: normal; font-stretch: normal; font-size: 18px; line-height: normal; font-feature-settings: &quot;lnum&quot;;\">Temple Size: 137&nbsp;<sup style=\"box-sizing: inherit;\">1</sup>⁄2 mm</li><li style=\"list-style-type: disc; padding: 0px; margin: 14px 0px; box-sizing: inherit; font-variant-numeric: normal; font-variant-east-asian: normal; font-stretch: normal; font-size: 18px; line-height: normal; font-feature-settings: &quot;lnum&quot;;\">Weight: 0.6 oz</li></ul>","userManual":"<p>NONE</p>","name":"Balenciaga Sunglass","code":"#9262787","size":"fontSize","price":6990000,"oldPrice":12900000,"type":"available","deliveryFrom":18,"deliveryTo":30,"linkFacebook":"","linkInstagram":"","quantity":2,"_p_store":"_User$rGCumjwmzZ","status":"ACTIVE","_created_at":{"$date":"2020-07-24T10:29:00.25Z"},"_updated_at":{"$date":"2020-07-24T10:32:49.104Z"},"thumbnails":["media/upload_447e83b4e83038ded19fb34c022414e8_width_400.jpeg","media/upload_aa8852205646b0b9ec63b7fddd94ee2b_width_400.jpeg"]}
{"_id":"ebYkGuNzFA","images":["img/product/hm3-pro-5.jpg"],"name":"T- Shirt And Jeans","price":100,"_created_at":{"$date":"2019-04-05T17:28:37.531Z"},"_updated_at":{"$date":"2019-12-21T15:04:21.607Z"},"categoryIds":["YYbS7WVYGY","VQCeGFtkGX"],"status":"ACTIVE","_p_store":"_User$rGCumjwmzZ","thumbnails":["img/product/hm3-pro-5_width_400.jpg"]}
{"_id":"ewn6HRX71H","images":["media\\upload_d87cfffac193ff4993e7658438696a54.jpeg"],"colors":["blue","maroon","gray"],"categoryIds":["YYbS7WVYGY","VQCeGFtkGX"],"_p_store":"_User$rGCumjwmzZ","information":"giày cho bé","name":"giày lười","price":159000,"status":"PENDING","_created_at":{"$date":"2019-04-20T09:12:26.014Z"},"_updated_at":{"$date":"2019-04-20T09:52:28.032Z"}}
{"_id":"fqqI839Zxw","images":["media\\upload_0878f8fdac4c290e8a8055828833494a.jpeg"],"colors":["gray","green"],"categoryIds":["ahlEN7OUHC","Qns5n7HLuQ"],"_p_store":"_User$rGCumjwmzZ","information":"<p>ăn hộ cái&nbsp;&nbsp;&nbsp;&nbsp;</p>","name":"như lai thần chưởng ahihi","price":10000001,"quantity":100,"description":"có người đã thử rồi","userManual":"<p>nên né ra</p>","shortDescription":"một chưởng ăn hành đấy","status":"PENDING","_created_at":{"$date":"2019-04-25T15:06:18.208Z"},"_updated_at":{"$date":"2019-04-30T08:25:04.885Z"},"linkFacebook":"  https://www.facebook.com/","linkInstagram":null}
{"_id":"gVW21jXibV","images":["media\\upload_f0718cdecda7f0ad06c8c4a09a0673af.jpeg"],"colors":["yellow"],"categoryIds":["wmzCThPplu","OJlPUFabLE"],"_p_store":"_User$rGCumjwmzZ","information":"<p>xuất xứ nhật bổn&nbsp;&nbsp;&nbsp;&nbsp;</p>","name":"trà gừng","price":12000,"description":"dành cho mọi lứa tuổi","userManual":"<p>pha rồi uống thôi</p>","shortDescription":"sảng khoá ngày hè","status":"PENDING","_created_at":{"$date":"2019-04-22T08:14:58.106Z"},"_updated_at":{"$date":"2019-04-22T08:14:58.106Z"}}
{"_id":"geehQBeBct","images":["media\\upload_06b7170022510608035202b8fffa21cd.png"],"colors":["gray"],"categoryIds":["YYbS7WVYGY","9FcFIZQhET"],"_p_store":"_User$rGCumjwmzZ","information":"<p>ahihi hehe</p>","name":"nón che mưa","price":21000,"status":"ACTIVE","_created_at":{"$date":"2019-04-21T08:53:25.709Z"},"_updated_at":{"$date":"2019-04-21T10:15:36.853Z"}}
{"_id":"hBSjgJkWZP","colors":["gray"],"images":["media/upload_fbee887e09c95e7ec55ca159828168e5.png"],"quantitySize":{"S":1,"M":0,"L":0,"XL":0,"XXL":0,"XXXL":0},"relativeCategoryIds":["cx2JWTv19q","nYrCrwjYAB"],"categoryIds":["nYrCrwjYAB"],"shortDescription":"a","description":"b","information":"<p>a</p>","userManual":"<p>b</p>","name":"Lowepro Flipside Trek BP 250 AW M Grey/Dark Green","code":"12345789","size":"fontSize","price":1300000,"oldPrice":1750000,"type":"available","deliveryFrom":3,"deliveryTo":5,"linkFacebook":"","linkInstagram":"","quantity":1,"_p_store":"_User$ESUKCG7wOw","status":"DELETED","_created_at":{"$date":"2019-08-03T11:58:18.508Z"},"_updated_at":{"$date":"2020-07-24T10:32:54.101Z"},"thumbnails":["media/upload_fbee887e09c95e7ec55ca159828168e5_width_400.png"]}
{"_id":"hlhtAfyMao","images":["media\\upload_e7dddcfb2b4a9a9301ff5e6a5350f9e9.jpeg"],"colors":["gray","green"],"categoryIds":["ahlEN7OUHC","yVhbfClOgy"],"_p_store":"_User$rGCumjwmzZ","information":"<p>mặc đẹp&nbsp;&nbsp;&nbsp;&nbsp;</p>","name":"áo đấu","price":30,"quantity":100,"description":"mặc thoải mái con gà mái","userManual":"<p>cởi áo mặc thôi</p>","shortDescription":"áo đấu sân nhà","linkFacebook":null,"linkInstagram":null,"status":"ACTIVE","_created_at":{"$date":"2019-05-04T07:24:09.317Z"},"_updated_at":{"$date":"2019-05-04T07:32:02.237Z"}}
{"_id":"iIhWXVTrcm","images":["media\\upload_d49553fb22f5a962f41f0e78f8cb3db3.jpeg"],"colors":["gray"],"categoryIds":["YYbS7WVYGY","VQCeGFtkGX"],"_p_store":"_User$rGCumjwmzZ","information":"<p>giày cho sự thoải mái</p>","name":"nike","price":10000000,"status":"ACTIVE","_created_at":{"$date":"2019-04-20T11:42:58.344Z"},"_updated_at":{"$date":"2019-04-20T11:47:01.908Z"}}
{"_id":"lJxtk36p0Y","images":["media\\upload_370f3e60082b5beac4147461c7600f25.jpeg"],"colors":["gray"],"categoryIds":["ahlEN7OUHC","Qns5n7HLuQ"],"_p_store":"_User$rGCumjwmzZ","information":"<p>abc</p>","name":"Balo Solo 15.6\" Code- UBN740 M Grey/Black","price":200000,"quantity":10,"description":"b","userManual":"<p>bdf</p>","shortDescription":"a","linkFacebook":null,"linkInstagram":null,"status":"PENDING","_created_at":{"$date":"2019-05-07T15:07:54.048Z"},"_updated_at":{"$date":"2019-05-07T15:07:54.048Z"}}
{"_id":"lcLEDqWCyt","images":["media\\upload_5b3237f1215efb7cfd77894aab287a3f.png"],"categoryIds":["wmzCThPplu","xJVlqTBB1N"],"menuIds":["FdMkbLhD9N"],"colors":["maroon"],"_p_store":"_User$rGCumjwmzZ","information":"<p>a</p>","name":"100000","price":2,"quantity":0,"description":"a","userManual":"<p>a</p>","shortDescription":"a","linkFacebook":null,"linkInstagram":null,"status":"PENDING","_created_at":{"$date":"2019-05-29T13:32:37.72Z"},"_updated_at":{"$date":"2019-05-29T13:32:37.72Z"}}
{"_id":"lpLL35jElP","images":["media/upload_0085864b762477a25a3fb31bd66df2ed.png","//////media/upload_a7657ad285998526be68fb0a5cbe50d5.png"],"categoryIds":["ND2MqMRi0m","styFDoTuBx"],"menuIds":["FdMkbLhD9N"],"colors":["gray","green"],"relativeCategoryIds":["wmzCThPplu","ND2MqMRi0m","cx2JWTv19q","styFDoTuBx"],"_p_store":"_User$rGCumjwmzZ","information":"                                                                                                                                                            <p>a</p>\r\n                        \r\n                        \r\n                        \r\n                        \r\n                        \r\n                        ","name":"Balo Solo 15.6\" Code- UBN740 M Grey/Black","price":1000000,"quantity":15,"description":"b\r\n                        \r\n                        \r\n                        \r\n                        \r\n                        \r\n                        ","userManual":"                                                                                                                                                            <p>a</p>\r\n                        \r\n                        \r\n                        \r\n                        \r\n                        \r\n                        ","shortDescription":"a\r\n                        \r\n                        \r\n                        \r\n                        \r\n                        \r\n                        ","linkFacebook":null,"linkInstagram":null,"status":"ACTIVE","_created_at":{"$date":"2019-07-07T14:17:48.278Z"},"_updated_at":{"$date":"2019-12-21T13:37:11.852Z"},"deliveryFrom":3,"deliveryTo":5,"salePrice":800000,"oldPrice":1500000,"thumbnails":["media/upload_0085864b762477a25a3fb31bd66df2ed_width_400.png","//////media/upload_a7657ad285998526be68fb0a5cbe50d5_width_400.png"]}
{"_id":"lx53sSXDGI","images":["img/product/hm3-pro-7.jpg"],"name":"T- Shirt And Jeans","price":150,"_created_at":{"$date":"2019-04-05T17:28:37.531Z"},"_updated_at":{"$date":"2019-12-21T15:04:21.432Z"},"categoryIds":["YYbS7WVYGY","VQCeGFtkGX"],"status":"ACTIVE","_p_store":"_User$rGCumjwmzZ","thumbnails":["img/product/hm3-pro-7_width_400.jpg"]}
{"_id":"oDeYCvsRmJ","images":["media\\upload_1f7e7392dea0e2ccf1bc09a9f00e5aea.jpeg","media\\upload_d22dc509c573a1c6e0ce3cb07eff53f1.jpeg"],"categoryIds":["YYbS7WVYGY","VQCeGFtkGX"],"_p_store":"_User$rGCumjwmzZ","information":"<p>ô dù cho trời nắng</p>","name":"o cu to","price":260000,"status":"PENDING","_created_at":{"$date":"2019-04-20T08:03:05.728Z"},"_updated_at":{"$date":"2019-04-20T09:52:41.309Z"}}
{"_id":"oRXjSRuekt","images":["media\\upload_c7ec09015080678e28015d38c99c4a8c.png"],"categoryIds":["wmzCThPplu","OJlPUFabLE"],"menuIds":["FdMkbLhD9N"],"colors":["maroon"],"_p_store":"_User$rGCumjwmzZ","information":"<p>a</p>","name":"Balo Solo 15.6\" Code- UBN740 M Grey/Black","price":100000,"quantity":1,"description":"a","userManual":"<p>a</p>","shortDescription":"a","linkFacebook":null,"linkInstagram":null,"status":"PENDING","_created_at":{"$date":"2019-05-29T13:13:04.399Z"},"_updated_at":{"$date":"2019-05-29T13:13:04.399Z"}}
{"_id":"pBGQjpDQIC","images":["media\\upload_b6a6354380b0187cfaf2018c561303d6.jpeg"],"colors":["gray"],"categoryIds":["YYbS7WVYGY","VQCeGFtkGX"],"_p_store":"_User$rGCumjwmzZ","information":"<p>hey</p>","name":"Balo Solo 15.6\" Code- UBN740 M Grey/Black","price":1200000,"quantity":10,"description":"super test ","userManual":"<p>lala</p>","shortDescription":"test","linkFacebook":null,"linkInstagram":null,"status":"PENDING","_created_at":{"$date":"2019-04-27T11:11:20.296Z"},"_updated_at":{"$date":"2019-04-27T11:11:20.296Z"}}
{"_id":"qZLRNswSEr","images":["img/product/hm3-pro-4.jpg"],"name":"T- Shirt And Jeans","price":80,"_created_at":{"$date":"2019-04-05T17:28:37.531Z"},"_updated_at":{"$date":"2019-12-21T15:04:21.611Z"},"categoryIds":["ahlEN7OUHC","jDwB9apO23"],"status":"ACTIVE","_p_store":"_User$rGCumjwmzZ","thumbnails":["img/product/hm3-pro-4_width_400.jpg"]}
{"_id":"r9MX4oyjOX","images":["media/upload_6d1b5049290e1a43a7873031bbd5cf86.png"],"categoryIds":["wqp6nL5GVG","nuBvnifJPH"],"menuIds":["FdMkbLhD9N"],"colors":["maroon","gray"],"_p_store":"_User$rGCumjwmzZ","information":"                                                                                                                                  <p>c</p>\r\n                        \r\n                        \r\n                        \r\n                        \r\n                        ","name":"Balo Solo 15.6\" Code- UBN740 M Grey/Black","price":200000,"quantity":10,"description":"b\r\n                        \r\n                        \r\n                        \r\n                        \r\n                        ","userManual":"                                                                                                                                  <p>d</p>\r\n                        \r\n                        \r\n                        \r\n                        \r\n                        ","shortDescription":"a\r\n                        \r\n                        \r\n                        \r\n                        \r\n                        ","linkFacebook":null,"linkInstagram":null,"status":"DELETED","_created_at":{"$date":"2019-05-30T06:28:58.955Z"},"_updated_at":{"$date":"2020-07-24T10:29:27.337Z"},"relativeCategoryIds":["ahlEN7OUHC","wqp6nL5GVG","cx2JWTv19q","nuBvnifJPH"],"timeDeliveryFastest":"5","timeDeliveryLongest":"10"}
{"_id":"uZOSNpMxCH","images":["media\\upload_a30bf5ad30b90376e811c843b5036809.png","media\\upload_c09a0e179d1a802dff5516769907a52a.png"],"colors":["maroon"],"categoryIds":["wmzCThPplu","xJVlqTBB1N"],"_p_store":"_User$rGCumjwmzZ","information":"<p>v</p>","name":"Balo Solo 15.6\" Code- UBN740 M Grey/Black","price":200000,"quantity":6,"description":"a","userManual":"<p>b</p>","shortDescription":"a","linkFacebook":null,"linkInstagram":null,"status":"DELETED","_created_at":{"$date":"2019-05-23T16:26:39.85Z"},"_updated_at":{"$date":"2019-05-28T17:12:50.091Z"}}
{"_id":"uabW4Xk1xu","images":["img/product/hm3-pro-8.jpg"],"name":"T- Shirt And Jeans","price":50,"_created_at":{"$date":"2019-04-05T17:28:37.531Z"},"_updated_at":{"$date":"2019-12-21T15:04:21.607Z"},"categoryIds":["ahlEN7OUHC","jDwB9apO23"],"status":"ACTIVE","_p_store":"_User$rGCumjwmzZ","thumbnails":["img/product/hm3-pro-8_width_400.jpg"]}
{"_id":"yJHwQFrmzF","images":["aoChongNang.jpg","","",""],"categoryIds":["YYbS7WVYGY","VQCeGFtkGX"],"_p_store":"_User$rGCumjwmzZ","information":"<p>áo chống nắng dành cho trời mưa</p>","name":"áo chống nắng","price":120000,"_created_at":{"$date":"2019-04-20T04:13:00.023Z"},"_updated_at":{"$date":"2019-04-20T09:52:52.98Z"}}
